Mutation,HGVSp,HGVSg,gnomAD genome allele frequency,gnomAD exome allele frequency,REVEL score,Mutation sources,Pfam domain classification,"Stability (FoldX5, kcal/mol) [md]","Stability (Rosetta Cartddg2020, kcal/mol) [md]","Stability (RaSP, kcal/mol) [md]","Stability classification, (Rosetta, FoldX) [md]","Stability classification, (RaSP, FoldX) [md]","Stability (FoldX5, kcal/mol, st. dev.) [md]","Stability (Rosetta Cartddg2020, kcal/mol, st. dev.) [md]","Stability (RaSP, kcal/mol, st. dev.) [md]",EFoldMine - part of early folding region,EFoldMine score,"Local Int. (Binding with PMS2_AFmulti, heterodimer, FoldX5, kcal/mol) [md]","Local Int. (Binding with BLM_4FMNb_3RBNab_modeller, heterodimer, FoldX5, kcal/mol) [md]","Local Int. (Binding with MSH3_AFmulti_Huri, heterodimer, FoldX5, kcal/mol) [md]","Local Int. (Binding with PMS2_AFmulti, heterodimer, Rosetta Talaris 2014, kcal/mol) [md]","Local Int. (Binding with BLM_4FMNb_3RBNab_modeller, heterodimer, Rosetta Talaris 2014, kcal/mol) [md]","Local Int. (Binding with MSH3_AFmulti_Huri, heterodimer, Rosetta Talaris 2014, kcal/mol) [md]",Local Int. classification (MSH3_AFmulti_Huri) [md],Local Int. classification (BLM_4FMNb_3RBNab_modeller) [md],Local Int. classification (PMS2_AFmulti) [md],Relative Side Chain Solvent Accessibility in wild-type (average) [md],Relative Side Chain Solvent Accessibility in wild-type (standard deviation) [md],PTMs [md],is site part of phospho-SLiM [md],PTM residue SASA (%) [md],"Change in stability with PTM (FoldX5, kcal/mol) [md]",PTM effect in regulation [md],PTM effect in stability [md],PTM effect in function [md],AlloSigMA2-PSN classification - cofactor sites [md],AlloSigMA2-PSN classification - pockets and interfaces [md],Functional sites (cofactor),ClinVar Variation ID,ClinVar Interpretation,ClinVar Review Status,AlphaFold2 model pLDDT score,AlphaFold2 model secondary structure,DeMaSk delta fitness,DeMaSk Shannon entropy,DeMaSk log2 variant frequency,GEMME Score,EVE score,EVE classification (25% Uncertain),AlphaMissense pathogenicity score,AlphaMissense classification,"Experimental data (Y2H assay, Interaction_PMS2 (MAVEdb))","Experimental data classification (Y2H assay, Interaction_PMS2 (MAVEdb))","Experimental data (DHFR-PCA yeast, Stability (MAVEdb))","Experimental data classification (DHFR-PCA yeast, Stability (MAVEdb))",References
S2A,NP_000240:p.Ser2Ala,,,,,"saturation,clinvar",,-0.01737,0.3571433333333333,0.05784216248878483,Neutral,Neutral,0.29284,0.09967330513008765,0.09947772878394116,False,0.03,,,,,,,Uncertain,Uncertain,Uncertain,78.348,26.565,P,False,78.348,-0.078,damaging,neutral,uncertain,uncertain,uncertain,neutral,864552,Uncertain significance,2,47.73,-,-0.0724,1.1389,-2.0,-0.0098418657685599,,,0.0639,benign,,,,,https://doi.org/10.1101/2022.10.22.513328
S2C,NP_000240:p.Ser2Cys,,,,,saturation,,-0.08642,1.0655333333333334,0.651848894517428,Neutral,Neutral,0.27487,0.19614916982292385,0.019116088474271258,False,0.03,,,,,,,Uncertain,Uncertain,Uncertain,78.348,26.565,P,False,78.348,-0.078,damaging,neutral,uncertain,neutral,neutral,neutral,,,,47.73,-,-0.2131,1.1389,-19.6801,-0.308406882185388,,,0.1367,benign,,,,,https://doi.org/10.1101/2022.10.22.513328
S2D,NP_000240:p.Ser2Asp,,,,,saturation,,-0.38965,-0.01065666666666667,-0.17016687151213908,Neutral,Neutral,0.46699,0.09359310029175347,0.19395245951735218,False,0.03,,,,,,,Uncertain,Uncertain,Uncertain,78.348,26.565,P,False,78.348,-0.078,damaging,neutral,uncertain,neutral,neutral,neutral,,,,47.73,-,-0.2613,1.1389,-19.6801,-0.412394160794093,,,0.3904,ambiguous,,,,,https://doi.org/10.1101/2022.10.22.513328
S2E,NP_000240:p.Ser2Glu,,,,,saturation,,-0.43757,-0.24013666666666666,-0.11864734088134243,Neutral,Neutral,0.487,0.3217598247485572,0.1475440063151137,False,0.03,,,,,,,Uncertain,Uncertain,Uncertain,78.348,26.565,P,False,78.348,-0.078,damaging,neutral,uncertain,neutral,neutral,neutral,,,,47.73,-,-0.1667,1.1389,-6.3922,-0.319187186251637,,,0.4937,ambiguous,,,,,https://doi.org/10.1101/2022.10.22.513328
S2F,NP_000240:p.Ser2Phe,,,,,saturation,,-0.35269,0.22698333333333331,-0.16480285485624005,Neutral,Neutral,0.39013,0.499567014145472,0.12426592926028075,False,0.03,,,,,,,Uncertain,Uncertain,Uncertain,78.348,26.565,P,False,78.348,-0.078,damaging,neutral,uncertain,neutral,neutral,neutral,,,,47.73,-,-0.2407,1.1389,-19.6801,-0.462442969827795,,,0.2738,benign,,,,,https://doi.org/10.1101/2022.10.22.513328
S2G,NP_000240:p.Ser2Gly,,,,,saturation,,0.29908,0.5942166666666667,0.41378040633873353,Neutral,Neutral,0.43596,0.2028801429963569,0.11760747446107225,False,0.03,,,,,,,Uncertain,Uncertain,Uncertain,78.348,26.565,P,False,78.348,-0.078,damaging,neutral,uncertain,neutral,neutral,neutral,,,,47.73,-,-0.1718,1.1389,-19.6801,-0.462442969827795,,,0.0972,benign,,,,,https://doi.org/10.1101/2022.10.22.513328
S2H,NP_000240:p.Ser2His,,,,,saturation,,0.01828,0.11167666666666666,-0.332232559711302,Neutral,Neutral,0.33298,0.35246062383698346,0.09080814132386682,False,0.03,,,,,,,Uncertain,Uncertain,Uncertain,78.348,26.565,P,False,78.348,-0.078,damaging,neutral,uncertain,neutral,neutral,neutral,,,,47.73,-,-0.2419,1.1389,-19.6801,-0.462442969827795,,,0.4084,ambiguous,,,,,https://doi.org/10.1101/2022.10.22.513328
S2I,NP_000240:p.Ser2Ile,,,,,saturation,,-0.08974,-0.3481833333333333,-0.0883767981190442,Neutral,Neutral,0.60012,0.9175309467018296,0.1089563461530758,False,0.03,,,,,,,Uncertain,Uncertain,Uncertain,78.348,26.565,P,False,78.348,-0.078,damaging,neutral,uncertain,neutral,neutral,neutral,,,,47.73,-,-0.2438,1.1389,-19.6801,-0.462442969827795,,,0.3574,ambiguous,,,,,https://doi.org/10.1101/2022.10.22.513328
S2K,NP_000240:p.Ser2Lys,,,,,saturation,,-0.38474,-0.16734666666666667,-0.009800977409515174,Neutral,Neutral,0.39851,0.3183592304649297,0.1589174859507552,False,0.03,,,,,,,Uncertain,Uncertain,Uncertain,78.348,26.565,P,False,78.348,-0.078,damaging,neutral,uncertain,neutral,neutral,neutral,,,,47.73,-,-0.2512,1.1389,-19.6801,-0.462442969827795,,,0.6918,pathogenic,,,,,https://doi.org/10.1101/2022.10.22.513328
S2L,NP_000240:p.Ser2Leu,"hg19,3:g.37035043C>T, hg38,3:g.36993552C>T",,2.78354368971e-05,0.480,"cBioPortal,COSMIC,saturation,clinvar",,-0.34967,0.18696000000000002,-0.3994326713852468,Neutral,Neutral,0.45666,0.8139209874838385,0.07734902554630116,False,0.03,,,,,,,Uncertain,Uncertain,Uncertain,78.348,26.565,P,False,78.348,-0.078,damaging,neutral,uncertain,neutral,neutral,neutral,182533,Uncertain significance,2,47.73,-,-0.2401,1.1389,-19.6801,-0.462442969827795,,,0.281,benign,,,,,https://doi.org/10.1101/2022.10.22.513328
S2M,NP_000240:p.Ser2Met,,,,,saturation,,-0.4779,0.37528333333333336,-0.0574177563004813,Neutral,Neutral,0.53872,0.37677232686184486,0.07045407445250103,False,0.03,,,,,,,Uncertain,Uncertain,Uncertain,78.348,26.565,P,False,78.348,-0.078,damaging,neutral,uncertain,neutral,neutral,neutral,,,,47.73,-,-0.2111,1.1389,-19.6801,-0.462442969827795,,,0.408,ambiguous,,,,,https://doi.org/10.1101/2022.10.22.513328
S2N,NP_000240:p.Ser2Asn,,,,,saturation,,-0.11558,0.11383333333333334,-0.13413083126980582,Neutral,Neutral,0.30996,0.11593440798811867,0.10653230178147557,False,0.03,,,,,,,Uncertain,Uncertain,Uncertain,78.348,26.565,P,False,78.348,-0.078,damaging,neutral,uncertain,neutral,neutral,neutral,,,,47.73,-,-0.1849,1.1389,-19.6801,-0.252343773372276,,,0.2041,benign,,,,,https://doi.org/10.1101/2022.10.22.513328
S2P,NP_000240:p.Ser2Pro,,,,,saturation,,0.39524,-0.21156666666666668,0.6772401361506635,Neutral,Neutral,1.15705,0.4813615806808387,0.5510996748384492,False,0.03,,,,,,,Uncertain,Uncertain,Uncertain,78.348,26.565,P,False,78.348,-0.078,damaging,neutral,uncertain,neutral,neutral,neutral,,,,47.73,-,-0.2483,1.1389,-6.3922,-0.462442969827795,,,0.1299,benign,,,,,https://doi.org/10.1101/2022.10.22.513328
S2Q,NP_000240:p.Ser2Gln,,,,,saturation,,-0.32142,-0.6718800000000001,0.12635163257616225,Neutral,Neutral,0.35898,0.8260133355259264,0.07008526604468554,False,0.03,,,,,,,Uncertain,Uncertain,Uncertain,78.348,26.565,P,False,78.348,-0.078,damaging,neutral,uncertain,neutral,neutral,neutral,,,,47.73,-,-0.2046,1.1389,-19.6801,-0.412394160794093,,,0.481,ambiguous,,,,,https://doi.org/10.1101/2022.10.22.513328
S2R,NP_000240:p.Ser2Arg,,,,,saturation,,-0.29815,0.24115666666666669,-0.12981558215970276,Neutral,Neutral,0.38401,0.560259671481795,0.07459742416025186,False,0.03,,,,,,,Uncertain,Uncertain,Uncertain,78.348,26.565,P,False,78.348,-0.078,damaging,neutral,uncertain,neutral,neutral,neutral,,,,47.73,-,-0.2565,1.1389,-19.6801,-0.462442969827795,,,0.6291,pathogenic,,,,,https://doi.org/10.1101/2022.10.22.513328
S2T,NP_000240:p.Ser2Thr,,,,,saturation,,-0.00683,0.3176866666666667,-0.04363442111022794,Neutral,Neutral,0.35,0.20139063936097482,0.06642286566208895,False,0.03,,,,,,,Uncertain,Uncertain,Uncertain,78.348,26.565,P,False,78.348,-0.078,neutral,neutral,uncertain,neutral,neutral,neutral,,,,47.73,-,-0.0804,1.1389,-5.3923,-0.246612289447179,,,0.1081,benign,,,,,https://doi.org/10.1101/2022.10.22.513328
S2V,NP_000240:p.Ser2Val,,,,,saturation,,0.04636,0.17018,-0.03190359298432217,Neutral,Neutral,0.4882,0.8957521063702093,0.13505927362317222,False,0.03,,,,,,,Uncertain,Uncertain,Uncertain,78.348,26.565,P,False,78.348,-0.078,damaging,neutral,uncertain,neutral,neutral,neutral,,,,47.73,-,-0.2181,1.1389,-19.6801,-0.462442969827795,,,0.2932,benign,,,,,https://doi.org/10.1101/2022.10.22.513328
S2W,NP_000240:p.Ser2Trp,"hg19,3:g.37035043C>G",,,0.585,"cBioPortal,saturation,clinvar",,-0.38077,0.34467000000000003,-0.48111262232366725,Neutral,Neutral,0.49277,0.9845263960233197,0.1152888249957316,False,0.03,,,,,,,Uncertain,Uncertain,Uncertain,78.348,26.565,P,False,78.348,-0.078,damaging,neutral,uncertain,neutral,neutral,neutral,1310967,Uncertain significance,1,47.73,-,-0.2504,1.1389,-19.6801,-0.462442969827795,,,0.4892,ambiguous,,,,,https://doi.org/10.1101/2022.10.22.513328
S2Y,NP_000240:p.Ser2Tyr,,,,,saturation,,-0.3056,0.07494,-0.12179418898958312,Neutral,Neutral,0.41326,0.4831318880664644,0.13535920561471695,False,0.03,,,,,,,Uncertain,Uncertain,Uncertain,78.348,26.565,P,False,78.348,-0.078,uncertain,neutral,uncertain,neutral,neutral,neutral,,,,47.73,-,-0.2455,1.1389,-19.6801,-0.462442969827795,,,0.2748,benign,,,,,https://doi.org/10.1101/2022.10.22.513328
F3A,NP_000240:p.Phe3Ala,,,,,saturation,,1.114,0.52381,0.6823575057175236,Neutral,Neutral,0.89529,0.4328735106240621,0.17151769793897786,False,0.05,,,,,,,Uncertain,Uncertain,Uncertain,70.887,27.858,,False,70.887,,neutral,neutral,neutral,uncertain,uncertain,neutral,,,,58.49,-,-0.1874,1.9211,-5.5545,-0.0319509591273174,,,0.0945,benign,,,,,https://doi.org/10.1101/2022.10.22.513328
F3C,NP_000240:p.Phe3Cys,,,,,saturation,,1.22549,0.83458,1.243680135764613,Neutral,Neutral,0.80844,0.6286112236244805,0.1757543865670949,False,0.05,,,,,,,Uncertain,Uncertain,Uncertain,70.887,27.858,,False,70.887,,neutral,neutral,neutral,uncertain,uncertain,neutral,,,,58.49,-,-0.2284,1.9211,-19.8423,-0.171703467031313,,,0.1109,benign,,,,,https://doi.org/10.1101/2022.10.22.513328
F3D,NP_000240:p.Phe3Asp,,,,,saturation,,0.87762,0.7012466666666667,0.4080404903196271,Neutral,Neutral,1.21765,0.8395478898126592,0.1645835657016724,False,0.05,,,,,,,Uncertain,Uncertain,Uncertain,70.887,27.858,,False,70.887,,neutral,neutral,neutral,uncertain,uncertain,neutral,,,,58.49,-,-0.3833,1.9211,-19.8423,-0.17370745690742,,,0.3677,ambiguous,,,,,https://doi.org/10.1101/2022.10.22.513328
F3E,NP_000240:p.Phe3Glu,,,,,saturation,,0.77523,0.35952333333333336,0.37687641000357913,Neutral,Neutral,1.06516,0.44909095235696844,0.12594728767897678,False,0.05,,,,,,,Uncertain,Uncertain,Uncertain,70.887,27.858,,False,70.887,,neutral,neutral,neutral,uncertain,uncertain,neutral,,,,58.49,-,-0.3526,1.9211,-19.8423,-0.143490506799263,,,0.3954,ambiguous,,,,,https://doi.org/10.1101/2022.10.22.513328
F3G,NP_000240:p.Phe3Gly,,,,,saturation,,1.2206,1.0396833333333333,1.2818948522325349,Neutral,Neutral,1.24095,0.7596570561480723,0.33058997819087943,False,0.05,,,,,,,Uncertain,Uncertain,Uncertain,70.887,27.858,,False,70.887,,neutral,neutral,neutral,uncertain,uncertain,neutral,,,,58.49,-,-0.2278,1.9211,-6.5545,-0.234089367559027,,,0.2008,benign,,,,,https://doi.org/10.1101/2022.10.22.513328
F3H,NP_000240:p.Phe3His,,,,,saturation,,1.00739,0.32154,0.17638097031879876,Neutral,Neutral,0.75829,0.17102483562336787,0.2947457320569858,False,0.05,,,,,,,Uncertain,Uncertain,Uncertain,70.887,27.858,,False,70.887,,neutral,neutral,neutral,uncertain,uncertain,neutral,,,,58.49,-,-0.2879,1.9211,-19.8423,-0.0994600849077046,,,0.2602,benign,,,,,https://doi.org/10.1101/2022.10.22.513328
F3I,NP_000240:p.Phe3Ile,,,,,saturation,,1.20829,0.1714266666666667,0.29250151920323153,Neutral,Neutral,1.05536,0.5498848321441702,0.07276499097492474,False,0.05,,,,,,,Uncertain,Uncertain,Uncertain,70.887,27.858,,False,70.887,,neutral,neutral,neutral,uncertain,uncertain,neutral,,,,58.49,-,-0.2042,1.9211,-19.8423,-0.0179334561598767,,,0.0727,benign,,,,,https://doi.org/10.1101/2022.10.22.513328
F3K,NP_000240:p.Phe3Lys,,,,,saturation,,0.68252,0.31587666666666664,0.5803204515601793,Neutral,Neutral,0.85719,0.32624489629043324,0.18154323502063027,False,0.05,,,,,,,Uncertain,Uncertain,Uncertain,70.887,27.858,,False,70.887,,neutral,neutral,neutral,uncertain,uncertain,neutral,,,,58.49,-,-0.2836,1.9211,-4.9696,-0.123046176975908,,,0.3804,ambiguous,,,,,https://doi.org/10.1101/2022.10.22.513328
F3L,NP_000240:p.Phe3Leu,,,,,"saturation,clinvar",,0.52931,0.09977333333333334,0.04964538945752883,Neutral,Neutral,0.57981,0.4335874464921183,0.13895977950878194,False,0.05,,,,,,,Uncertain,Uncertain,Uncertain,70.887,27.858,,False,70.887,,neutral,neutral,neutral,uncertain,uncertain,neutral,"237346, 185790","Conflicting classifications of pathogenicity, Conflicting classifications of pathogenicity","1, 1",58.49,-,-0.0697,1.9211,-0.9108,0.0129957362016532,,,0.1431,benign,,,,,https://doi.org/10.1101/2022.10.22.513328
F3M,NP_000240:p.Phe3Met,,,,,saturation,,0.37196,0.39467,0.3690203425164759,Neutral,Neutral,0.37085,0.44949508273172467,0.17296836347683328,False,0.05,,,,,,,Uncertain,Uncertain,Uncertain,70.887,27.858,,False,70.887,,neutral,neutral,neutral,uncertain,uncertain,neutral,,,,58.49,-,-0.1134,1.9211,-3.3847,-0.0001501799310473,,,0.1391,benign,,,,,https://doi.org/10.1101/2022.10.22.513328
F3N,NP_000240:p.Phe3Asn,,,,,saturation,,1.00787,0.44432999999999995,0.4087865423292394,Neutral,Neutral,0.87312,0.5403147235331152,0.3010106159400752,False,0.05,,,,,,,Uncertain,Uncertain,Uncertain,70.887,27.858,,False,70.887,,neutral,neutral,neutral,uncertain,uncertain,neutral,,,,58.49,-,-0.2451,1.9211,-6.5545,-0.0476377252987749,,,0.2403,benign,,,,,https://doi.org/10.1101/2022.10.22.513328
F3P,NP_000240:p.Phe3Pro,,,,,saturation,,1.90434,1.8695033333333333,2.091245920800512,Neutral,Uncertain,2.41563,1.7308191280880725,1.149801519716583,False,0.05,,,,,,,Uncertain,Uncertain,Uncertain,70.887,27.858,,False,70.887,,neutral,neutral,neutral,uncertain,uncertain,neutral,,,,58.49,-,-0.3836,1.9211,-19.8423,-0.084961191749412,,,0.2621,benign,,,,,https://doi.org/10.1101/2022.10.22.513328
F3Q,NP_000240:p.Phe3Gln,,,,,saturation,,0.80087,0.14852666666666667,0.6470790511023164,Neutral,Neutral,0.87097,0.1837853852247839,0.15056514499812634,False,0.05,,,,,,,Uncertain,Uncertain,Uncertain,70.887,27.858,,False,70.887,,neutral,neutral,neutral,uncertain,uncertain,neutral,,,,58.49,-,-0.2421,1.9211,-5.5545,-0.0224360467285009,,,0.2739,benign,,,,,https://doi.org/10.1101/2022.10.22.513328
F3R,NP_000240:p.Phe3Arg,,,,,saturation,,0.72342,0.4678,0.44357146893121135,Neutral,Neutral,0.90249,0.38838322320443586,0.1945191819855471,False,0.05,,,,,,,Uncertain,Uncertain,Uncertain,70.887,27.858,,False,70.887,,neutral,neutral,neutral,uncertain,uncertain,neutral,,,,58.49,-,-0.3609,1.9211,-19.8423,-0.133441690101563,,,0.2586,benign,,,,,https://doi.org/10.1101/2022.10.22.513328
F3S,NP_000240:p.Phe3Ser,,,,,saturation,,1.26669,0.20680333333333334,0.6731456111832643,Neutral,Neutral,1.0351,0.4609437475682062,0.2634510586245053,False,0.05,,,,,,,Uncertain,Uncertain,Uncertain,70.887,27.858,,False,70.887,,neutral,neutral,neutral,uncertain,uncertain,neutral,,,,58.49,-,-0.2393,1.9211,-19.8423,-0.0578075814778342,,,0.116,benign,,,,,https://doi.org/10.1101/2022.10.22.513328
F3T,NP_000240:p.Phe3Thr,,,,,saturation,,1.37472,0.30272,0.5631752854285871,Neutral,Neutral,0.88433,0.32852354192660227,0.2249985264629842,False,0.05,,,,,,,Uncertain,Uncertain,Uncertain,70.887,27.858,,False,70.887,,neutral,neutral,neutral,uncertain,uncertain,neutral,,,,58.49,-,-0.2178,1.9211,-6.5545,-0.0853968101816846,,,0.1202,benign,,,,,https://doi.org/10.1101/2022.10.22.513328
F3V,NP_000240:p.Phe3Val,,,,,saturation,,1.34505,0.15635000000000002,0.37791688480154145,Neutral,Neutral,0.9289,0.4562361582192568,0.05420884803757228,False,0.05,,,,,,,Uncertain,Uncertain,Uncertain,70.887,27.858,,False,70.887,,neutral,neutral,neutral,uncertain,uncertain,neutral,,,,58.49,-,-0.1986,1.9211,-19.8423,-0.0874493898829517,,,0.0609,benign,,,,,https://doi.org/10.1101/2022.10.22.513328
F3W,NP_000240:p.Phe3Trp,,,,,saturation,,0.46247,-0.2661,0.014763235340546898,Neutral,Neutral,0.36327,0.30536405889800894,0.0804124233266081,False,0.05,,,,,,,Uncertain,Uncertain,Uncertain,70.887,27.858,,False,70.887,,neutral,neutral,neutral,neutral,neutral,neutral,,,,58.49,-,-0.1838,1.9211,-19.8423,-0.168832383404754,,,0.1766,benign,,,,,https://doi.org/10.1101/2022.10.22.513328
F3Y,NP_000240:p.Phe3Tyr,,,,,saturation,,0.28985,-0.24853,0.3357013080576439,Neutral,Neutral,0.38466,0.156678566072921,0.16076457547264436,False,0.05,,,,,,,Uncertain,Uncertain,Uncertain,70.887,27.858,,False,70.887,,neutral,neutral,neutral,uncertain,uncertain,neutral,,,,58.49,-,-0.1521,1.9211,-19.8423,-0.168832383404754,,,0.1472,benign,,,,,https://doi.org/10.1101/2022.10.22.513328
V4A,NP_000240:p.Val4Ala,"hg19,3:g.37035049T>C, hg38,3:g.36993558T>C",,,0.411,"cBioPortal,COSMIC,saturation",,0.41889,1.29853,0.8202693909935377,Neutral,Neutral,0.75943,0.7902732386122325,0.7822428714491758,False,0.052,,,,,,,Uncertain,Uncertain,Uncertain,87.11,48.635,,False,87.11,,neutral,neutral,neutral,uncertain,uncertain,neutral,,,,69.91,-,-0.0969,1.7713,-4.3923,-0.099608825126671,,,0.0788,benign,,,,,https://doi.org/10.1101/2022.10.22.513328
V4C,NP_000240:p.Val4Cys,,,,,saturation,,0.4061,1.3114533333333334,1.1712762748296213,Neutral,Neutral,0.66022,0.666650312949417,0.5120408713756956,False,0.052,,,,,,,Uncertain,Uncertain,Uncertain,87.11,48.635,,False,87.11,,neutral,neutral,neutral,uncertain,uncertain,neutral,,,,69.91,-,-0.2079,1.7713,-20.68,-0.89114626814425,,,0.3633,ambiguous,,,,,https://doi.org/10.1101/2022.10.22.513328
V4D,NP_000240:p.Val4Asp,,,,,saturation,,0.60615,2.4918366666666665,0.8534362898354213,Uncertain,Neutral,1.29462,1.6837579273821466,1.2118508115973317,False,0.052,,,,,,,Uncertain,Uncertain,Uncertain,87.11,48.635,,False,87.11,,neutral,neutral,neutral,uncertain,uncertain,neutral,,,,69.91,-,-0.2788,1.7713,-7.3922,-0.686999186152415,,,0.1818,benign,,,,,https://doi.org/10.1101/2022.10.22.513328
V4E,NP_000240:p.Val4Glu,,,,,saturation,,0.11095,2.368593333333333,0.6364726672960753,Uncertain,Neutral,1.20411,2.3423535550002312,1.0629319282545873,False,0.052,,,,,,,Uncertain,Uncertain,Uncertain,87.11,48.635,,False,87.11,,neutral,neutral,neutral,uncertain,uncertain,neutral,,,,69.91,-,-0.231,1.7713,-6.3923,-0.642717740549728,,,0.1749,benign,,,,,https://doi.org/10.1101/2022.10.22.513328
V4F,NP_000240:p.Val4Phe,,,,,saturation,,-0.13595,1.4172333333333331,-0.03647840947048837,Neutral,Neutral,0.78303,1.8200530075125714,0.026395541216170403,False,0.052,,,,,,,Uncertain,Uncertain,Uncertain,87.11,48.635,,False,87.11,,neutral,neutral,neutral,uncertain,uncertain,neutral,,,,69.91,-,-0.2572,1.7713,-20.68,-1.81868635160106,,,0.0927,benign,,,,,https://doi.org/10.1101/2022.10.22.513328
V4G,NP_000240:p.Val4Gly,,,,,saturation,,0.97108,2.7887733333333333,1.6888222237307415,Uncertain,Neutral,1.1392,1.54726463414921,1.3243979683232412,False,0.052,,,,,,,Uncertain,Uncertain,Uncertain,87.11,48.635,,False,87.11,,neutral,neutral,neutral,uncertain,uncertain,neutral,,,,69.91,-,-0.3058,1.7713,-20.68,-0.687574841059705,,,0.0973,benign,,,,,https://doi.org/10.1101/2022.10.22.513328
V4H,NP_000240:p.Val4His,,,,,saturation,,0.42988,2.5286866666666667,0.2416364796012461,Uncertain,Neutral,0.80493,2.6450554205956105,0.585072604619419,False,0.052,,,,,,,Uncertain,Uncertain,Uncertain,87.11,48.635,,False,87.11,,neutral,neutral,neutral,uncertain,uncertain,neutral,,,,69.91,-,-0.3496,1.7713,-20.68,-1.55576779289125,,,0.3049,benign,,,,,https://doi.org/10.1101/2022.10.22.513328
V4I,NP_000240:p.Val4Ile,,,,,saturation,,-0.18418,0.50193,-0.1863737143698616,Neutral,Neutral,0.53911,0.38127936136119406,0.06956298211863889,False,0.052,,,,,,,Uncertain,Uncertain,Uncertain,87.11,48.635,,False,87.11,,neutral,neutral,neutral,uncertain,uncertain,neutral,,,,69.91,-,-0.0346,1.7713,-4.8073,-0.63681992645188,,,0.091,benign,,,,,https://doi.org/10.1101/2022.10.22.513328
V4K,NP_000240:p.Val4Lys,,,,,saturation,,-0.10126,2.4377533333333337,0.688798736537338,Uncertain,Neutral,0.66701,1.8706304944649605,0.9215493195117492,False,0.052,,,,,,,Uncertain,Uncertain,Uncertain,87.11,48.635,,False,87.11,,neutral,neutral,neutral,uncertain,uncertain,neutral,,,,69.91,-,-0.3429,1.7713,-20.68,-0.91780715002363,,,0.2562,benign,,,,,https://doi.org/10.1101/2022.10.22.513328
V4L,NP_000240:p.Val4Leu,"hg19,3:g.37035048G>T, hg38,3:g.36993557G>T",,,0.357,"cBioPortal,COSMIC,saturation,clinvar",,-0.44435,1.9176866666666665,-0.17503923045693717,Neutral,Neutral,0.58222,1.3953852959268593,0.11444070500324244,False,0.052,,,,,,,Uncertain,Uncertain,Uncertain,87.11,48.635,,False,87.11,,neutral,neutral,neutral,uncertain,uncertain,neutral,1007174,Uncertain significance,1,69.91,-,-0.1077,1.7713,-6.3923,-0.163250647597179,,,0.116,benign,,,,,https://doi.org/10.1101/2022.10.22.513328
V4M,NP_000240:p.Val4Met,"hg38,3:g.36993557G>A",,,0.313,"COSMIC,saturation,clinvar",,-0.43982,2.4822,0.21408820250506996,Uncertain,Neutral,0.50749,1.8726153624810409,0.1885174144736839,False,0.052,,,,,,,Uncertain,Uncertain,Uncertain,87.11,48.635,,False,87.11,,neutral,neutral,neutral,uncertain,uncertain,neutral,630189,Uncertain significance,2,69.91,-,-0.0905,1.7713,-1.2224,-0.121419662596268,,,0.1506,benign,,,,,https://doi.org/10.1101/2022.10.22.513328
V4N,NP_000240:p.Val4Asn,,,,,saturation,,0.46296,1.85975,0.655978199395844,Neutral,Neutral,0.89231,1.596268863631688,0.7922854164595869,False,0.052,,,,,,,Uncertain,Uncertain,Uncertain,87.11,48.635,,False,87.11,,neutral,neutral,neutral,uncertain,uncertain,neutral,,,,69.91,-,-0.3345,1.7713,-20.68,-0.891333219498322,,,0.1792,benign,,,,,https://doi.org/10.1101/2022.10.22.513328
V4P,NP_000240:p.Val4Pro,,,,,saturation,,0.61593,3.8739233333333334,1.6143077825264223,Uncertain,Neutral,1.49817,3.8760622404044147,1.3427244820594115,False,0.052,,,,,,,Uncertain,Uncertain,Uncertain,87.11,48.635,,False,87.11,,neutral,neutral,neutral,uncertain,uncertain,neutral,,,,69.91,-,-0.3166,1.7713,-7.3922,-1.18838752663214,,,0.1758,benign,,,,,https://doi.org/10.1101/2022.10.22.513328
V4Q,NP_000240:p.Val4Gln,,,,,saturation,,0.07985,2.14399,0.6628073409092314,Uncertain,Neutral,0.88622,1.7823896107379738,0.6151439375043506,False,0.052,,,,,,,Uncertain,Uncertain,Uncertain,87.11,48.635,,False,87.11,,neutral,neutral,neutral,uncertain,uncertain,neutral,,,,69.91,-,-0.3146,1.7713,-20.68,-0.824876261918253,,,0.1869,benign,,,,,https://doi.org/10.1101/2022.10.22.513328
V4R,NP_000240:p.Val4Arg,,,,,saturation,,0.04935,2.45272,0.41531115018750603,Uncertain,Neutral,0.77873,1.6689540881841736,0.6281706434190072,False,0.052,,,,,,,Uncertain,Uncertain,Uncertain,87.11,48.635,,False,87.11,,neutral,neutral,neutral,uncertain,uncertain,neutral,,,,69.91,-,-0.3639,1.7713,-20.68,-0.83114914225089,,,0.203,benign,,,,,https://doi.org/10.1101/2022.10.22.513328
V4S,NP_000240:p.Val4Ser,,,,,saturation,,0.7258,1.98719,0.9385822528828606,Neutral,Neutral,1.07781,1.178826519297899,1.0456105191205574,False,0.052,,,,,,,Uncertain,Uncertain,Uncertain,87.11,48.635,,False,87.11,,neutral,neutral,neutral,uncertain,uncertain,neutral,,,,69.91,-,-0.2837,1.7713,-20.68,-0.879782321436472,,,0.0995,benign,,,,,https://doi.org/10.1101/2022.10.22.513328
V4T,NP_000240:p.Val4Thr,,,,,saturation,,0.2905,0.9747166666666667,0.5472408119695251,Neutral,Neutral,0.655,0.8022639469373877,0.6379528482844489,False,0.052,,,,,,,Uncertain,Uncertain,Uncertain,87.11,48.635,,False,87.11,,neutral,neutral,neutral,uncertain,uncertain,neutral,,,,69.91,-,-0.1232,1.7713,-5.8073,-0.249929191249848,,,0.1117,benign,,,,,https://doi.org/10.1101/2022.10.22.513328
V4W,NP_000240:p.Val4Trp,,,,,saturation,,0.02265,1.9436499999999999,-0.1669779533703799,Neutral,Neutral,0.91575,2.1168887699325785,0.23477011846357007,False,0.052,,,,,,,Uncertain,Uncertain,Uncertain,87.11,48.635,,False,87.11,,neutral,neutral,neutral,uncertain,uncertain,neutral,,,,69.91,-,-0.2977,1.7713,-20.68,-1.81868635160106,,,0.5265,ambiguous,,,,,https://doi.org/10.1101/2022.10.22.513328
V4Y,NP_000240:p.Val4Tyr,,,,,saturation,,0.05593,1.0750566666666665,0.09556997480777557,Neutral,Neutral,0.82779,1.5278362516389714,0.10404172351632147,False,0.052,,,,,,,Uncertain,Uncertain,Uncertain,87.11,48.635,,False,87.11,,neutral,neutral,neutral,uncertain,uncertain,neutral,,,,69.91,-,-0.3007,1.7713,-20.68,-1.81868635160106,,,0.3359,benign,,,,,https://doi.org/10.1101/2022.10.22.513328
A5C,NP_000240:p.Ala5Cys,,,,,saturation,,0.11548,2.741156666666667,0.4777847480708293,Uncertain,Neutral,0.41352,0.8828460503898112,0.2185389703869126,False,0.062,,,,,,,Uncertain,Uncertain,Uncertain,83.602,27.938,,False,83.602,,neutral,neutral,neutral,uncertain,uncertain,neutral,,,,74.88,-,-0.2363,1.0494,-20.7307,-1.86914715377365,,,0.7095,pathogenic,,,,,https://doi.org/10.1101/2022.10.22.513328
A5D,NP_000240:p.Ala5Asp,,,,,saturation,,-0.07863,-0.34591666666666665,-0.02906220797602972,Neutral,Neutral,0.60912,0.46309520189937425,0.6779265010401131,False,0.062,,,,,,,Uncertain,Uncertain,Uncertain,83.602,27.938,,False,83.602,,neutral,neutral,neutral,uncertain,uncertain,neutral,,,,74.88,-,-0.3181,1.0494,-20.7307,-1.89470150308731,,,0.7288,pathogenic,,,,,https://doi.org/10.1101/2022.10.22.513328
A5E,NP_000240:p.Ala5Glu,,,,,saturation,,-0.19629,1.82857,-0.10790824499611541,Neutral,Neutral,0.88169,0.7635711339488941,0.46027252417013026,False,0.062,,,,,,,Uncertain,Uncertain,Uncertain,83.602,27.938,,False,83.602,,neutral,neutral,neutral,uncertain,uncertain,neutral,,,,74.88,-,-0.3037,1.0494,-20.7307,-1.19655097371982,,,0.6503,pathogenic,,,,,https://doi.org/10.1101/2022.10.22.513328
A5F,NP_000240:p.Ala5Phe,,,,,saturation,,0.16115,2.2673466666666666,-0.3765545668699793,Uncertain,Neutral,1.14783,0.9637026696837336,0.1781387401072501,False,0.062,,,,,,,Uncertain,Uncertain,Uncertain,83.602,27.938,,False,83.602,,neutral,neutral,neutral,uncertain,uncertain,neutral,,,,74.88,-,-0.2864,1.0494,-20.7307,-2.48077647853808,,,0.7605,pathogenic,,,,,https://doi.org/10.1101/2022.10.22.513328
A5G,NP_000240:p.Ala5Gly,,,,,saturation,,0.20294,-0.3034,0.5658311503221592,Neutral,Neutral,0.47853,1.151752802992031,0.5981597461258152,False,0.062,,,,,,,Uncertain,Uncertain,Uncertain,83.602,27.938,,False,83.602,,neutral,neutral,neutral,neutral,uncertain,neutral,,,,74.88,-,-0.1569,1.0494,-6.4429,-2.34697958065087,,,0.2125,benign,,,,,https://doi.org/10.1101/2022.10.22.513328
A5H,NP_000240:p.Ala5His,,,,,saturation,,0.77005,2.0047599999999997,-0.3441747353256031,Uncertain,Neutral,2.42301,0.670799855893445,0.3543036153386069,False,0.062,,,,,,,Uncertain,Uncertain,Uncertain,83.602,27.938,,False,83.602,,neutral,neutral,neutral,uncertain,uncertain,neutral,,,,74.88,-,-0.2906,1.0494,-20.7307,-2.20619282442991,,,0.7804,pathogenic,,,,,https://doi.org/10.1101/2022.10.22.513328
A5I,NP_000240:p.Ala5Ile,,,,,saturation,,0.3054,2.5214266666666667,-0.23525412584576907,Uncertain,Neutral,0.78872,1.1403587140408447,0.34901085661462883,False,0.062,,,,,,,Uncertain,Uncertain,Uncertain,83.602,27.938,,False,83.602,,neutral,neutral,neutral,uncertain,uncertain,neutral,,,,74.88,-,-0.276,1.0494,-20.7307,-0.963894781178541,,,0.8306,pathogenic,,,,,https://doi.org/10.1101/2022.10.22.513328
A5K,NP_000240:p.Ala5Lys,,,,,saturation,,0.00505,-0.021993333333333347,-0.1659934451520865,Neutral,Neutral,0.73215,0.6295597169627534,0.34794969329982317,False,0.062,,,,,,,Uncertain,Uncertain,Uncertain,83.602,27.938,,False,83.602,,neutral,neutral,neutral,uncertain,uncertain,neutral,,,,74.88,-,-0.2406,1.0494,-7.4428,-1.57014155875782,,,0.7765,pathogenic,,,,,https://doi.org/10.1101/2022.10.22.513328
A5L,NP_000240:p.Ala5Leu,,,,,saturation,,-0.00356,1.8031733333333335,-0.7004323406567955,Neutral,Neutral,0.84013,1.0636044476004958,0.05235588439650038,False,0.062,,,,,,,Uncertain,Uncertain,Uncertain,83.602,27.938,,False,83.602,,neutral,neutral,neutral,uncertain,uncertain,neutral,,,,74.88,-,-0.2807,1.0494,-20.7307,-1.52867543463838,,,0.6135,pathogenic,,,,,https://doi.org/10.1101/2022.10.22.513328
A5M,NP_000240:p.Ala5Met,,,,,saturation,,-0.21548,1.9979600000000002,-0.40750468843664733,Neutral,Neutral,0.54364,1.0639663398184487,0.031331855437804694,False,0.062,,,,,,,Uncertain,Uncertain,Uncertain,83.602,27.938,,False,83.602,,neutral,neutral,neutral,uncertain,uncertain,neutral,,,,74.88,-,-0.1717,1.0494,-7.4428,-1.78328513947196,,,0.8008,pathogenic,,,,,https://doi.org/10.1101/2022.10.22.513328
A5N,NP_000240:p.Ala5Asn,,,,,saturation,,0.10838,-0.3884366666666667,-0.12595166608317945,Neutral,Neutral,0.4437,0.5253541685589087,0.4350133397125775,False,0.062,,,,,,,Uncertain,Uncertain,Uncertain,83.602,27.938,,False,83.602,,neutral,neutral,neutral,uncertain,uncertain,neutral,,,,74.88,-,-0.2884,1.0494,-20.7307,-1.56264911600749,,,0.6249,pathogenic,,,,,https://doi.org/10.1101/2022.10.22.513328
A5P,NP_000240:p.Ala5Pro,,,,,"saturation,clinvar",,0.43199,2.1808400000000003,3.265820850588415,Uncertain,Uncertain,2.12106,2.121866492705577,2.5594869804748437,False,0.062,,,,,,,Uncertain,Uncertain,Uncertain,83.602,27.938,,False,83.602,,neutral,neutral,neutral,uncertain,uncertain,neutral,487011,Uncertain significance,2,74.88,-,-0.2723,1.0494,-3.9835,-0.0084982226293342,,,0.1612,benign,,,,,https://doi.org/10.1101/2022.10.22.513328
A5Q,NP_000240:p.Ala5Gln,,,,,saturation,,0.01493,0.13095333333333334,-0.04205375219657542,Neutral,Neutral,0.99796,0.3767857769195765,0.23027113904799104,False,0.062,,,,,,,Uncertain,Uncertain,Uncertain,83.602,27.938,,False,83.602,,neutral,neutral,neutral,uncertain,uncertain,neutral,,,,74.88,-,-0.213,1.0494,-6.4429,-1.7667756368846,,,0.6316,pathogenic,,,,,https://doi.org/10.1101/2022.10.22.513328
A5R,NP_000240:p.Ala5Arg,,,,,saturation,,0.05433,2.26383,-0.4218155884100516,Uncertain,Neutral,1.14391,0.8014481394742061,0.2178191058725767,False,0.062,,,,,,,Uncertain,Uncertain,Uncertain,83.602,27.938,,False,83.602,,neutral,neutral,neutral,uncertain,uncertain,neutral,,,,74.88,-,-0.3191,1.0494,-20.7307,-1.39313405111879,,,0.6211,pathogenic,,,,,https://doi.org/10.1101/2022.10.22.513328
A5S,NP_000240:p.Ala5Ser,,,,,"saturation,clinvar",,0.10525,-0.05328999999999997,0.09771124226955459,Neutral,Neutral,0.42837,0.6951454151470755,0.4840370145702909,False,0.062,,,,,,,Uncertain,Uncertain,Uncertain,83.602,27.938,,False,83.602,,neutral,neutral,neutral,uncertain,uncertain,neutral,819111,Uncertain significance,1,74.88,-,-0.1163,1.0494,-4.121,-0.360341597911873,,,0.1607,benign,,,,,https://doi.org/10.1101/2022.10.22.513328
A5T,NP_000240:p.Ala5Thr,,,,,"saturation,clinvar",,0.34866,0.1609966666666667,-0.02140709964152217,Neutral,Neutral,0.6674,0.8715479572321626,0.32089321499356255,False,0.062,,,,,,,Uncertain,Uncertain,Uncertain,83.602,27.938,,False,83.602,,neutral,neutral,neutral,uncertain,uncertain,neutral,1771768,Uncertain significance,1,74.88,-,-0.1311,1.0494,-5.8579,-0.0558169446838262,,,0.3347,benign,,,,,https://doi.org/10.1101/2022.10.22.513328
A5V,NP_000240:p.Ala5Val,,,,,"saturation,clinvar",,0.42449,1.8701800000000002,-0.26537283584383153,Neutral,Neutral,0.6538,0.5093287021822613,0.23314349967766496,False,0.062,,,,,,,Uncertain,Uncertain,Uncertain,83.602,27.938,,False,83.602,,neutral,neutral,neutral,uncertain,uncertain,neutral,237315,Uncertain significance,2,74.88,-,-0.204,1.0494,-20.7307,-0.41410460292207,,,0.5477,ambiguous,,,,,https://doi.org/10.1101/2022.10.22.513328
A5W,NP_000240:p.Ala5Trp,,,,,saturation,,0.49349,2.188663333333333,-0.6913759285707427,Uncertain,Neutral,2.15251,0.8648794889976805,0.2062446334375585,False,0.062,,,,,,,Uncertain,Uncertain,Uncertain,83.602,27.938,,False,83.602,,neutral,neutral,neutral,uncertain,uncertain,neutral,,,,74.88,-,-0.2974,1.0494,-20.7307,-2.48077647853808,,,0.9288,pathogenic,,,,,https://doi.org/10.1101/2022.10.22.513328
A5Y,NP_000240:p.Ala5Tyr,,,,,saturation,,0.25439,2.1936533333333332,-0.3226228034665183,Uncertain,Neutral,1.38685,0.9069724730969267,0.19601989951989013,False,0.062,,,,,,,Uncertain,Uncertain,Uncertain,83.602,27.938,,False,83.602,,neutral,neutral,neutral,uncertain,uncertain,neutral,,,,74.88,-,-0.3056,1.0494,-20.7307,-1.76964900041949,,,0.8308,pathogenic,,,,,https://doi.org/10.1101/2022.10.22.513328
G6A,NP_000240:p.Gly6Ala,,,,,saturation,,1.98705,0.17608000000000001,0.49078084097685043,Neutral,Neutral,1.22754,0.3803871439292693,0.642461200496585,False,0.071,,,,,,,Uncertain,Uncertain,Uncertain,97.968,25.33,,False,97.968,,neutral,neutral,neutral,uncertain,uncertain,neutral,,,,83.7,-,-0.2319,0.6983,-5.0945,-0.612439229321853,,,0.2089,benign,,,,,https://doi.org/10.1101/2022.10.22.513328
G6C,NP_000240:p.Gly6Cys,,,,,saturation,,2.34209,0.5478433333333333,0.9123489665134673,Uncertain,Uncertain,1.28921,0.36036271813580023,0.544369439934278,False,0.071,,,,,,,Uncertain,Uncertain,Uncertain,97.968,25.33,,False,97.968,,neutral,neutral,neutral,uncertain,uncertain,neutral,,,,83.7,-,-0.3727,0.6983,-20.9672,-0.812250674400134,,,0.6653,pathogenic,,,,,https://doi.org/10.1101/2022.10.22.513328
G6D,NP_000240:p.Gly6Asp,,,,,saturation,,1.58828,-0.4294800000000001,0.07012003183628254,Neutral,Neutral,1.3685,0.3788446130011618,0.4217128491438041,False,0.071,,,,,,,Uncertain,Uncertain,Uncertain,97.968,25.33,,False,97.968,,neutral,neutral,neutral,uncertain,uncertain,neutral,,,,83.7,-,-0.3732,0.6983,-20.9672,-1.93253842773869,,,0.76,pathogenic,,,,,https://doi.org/10.1101/2022.10.22.513328
G6E,NP_000240:p.Gly6Glu,,,,,"saturation,clinvar",,1.81261,0.39841333333333334,0.24124529209258408,Neutral,Neutral,1.42811,0.497460398580184,0.6744425083897565,False,0.071,,,,,,,Uncertain,Uncertain,Uncertain,97.968,25.33,,False,97.968,,neutral,neutral,neutral,uncertain,uncertain,neutral,1780371,Uncertain significance,1,83.7,-,-0.3725,0.6983,-20.9672,-2.41474015848421,,,0.7143,pathogenic,,,,,https://doi.org/10.1101/2022.10.22.513328
G6F,NP_000240:p.Gly6Phe,,,,,saturation,,1.87627,0.0374133333333333,0.0020833231908640912,Neutral,Neutral,1.2609,0.7414839694528503,0.6158212847802722,False,0.071,,,,,,,Uncertain,Uncertain,Uncertain,97.968,25.33,,False,97.968,,neutral,neutral,neutral,uncertain,uncertain,neutral,,,,83.7,-,-0.4108,0.6983,-20.9672,-2.72177184609068,,,0.9441,pathogenic,,,,,https://doi.org/10.1101/2022.10.22.513328
G6H,NP_000240:p.Gly6His,,,,,saturation,,2.17224,-0.03763999999999997,-0.05443212068727165,Uncertain,Uncertain,1.3045,0.7857236822615611,0.5095158610232122,False,0.071,,,,,,,Uncertain,Uncertain,Uncertain,97.968,25.33,,False,97.968,,neutral,neutral,neutral,uncertain,uncertain,neutral,,,,83.7,-,-0.3126,0.6983,-6.6794,-2.11765411440969,,,0.8971,pathogenic,,,,,https://doi.org/10.1101/2022.10.22.513328
G6I,NP_000240:p.Gly6Ile,,,,,saturation,,3.33464,0.02233666666666667,0.6013987035920422,Uncertain,Uncertain,1.81734,0.6883478645923795,0.902845972918313,False,0.071,,,,,,,Uncertain,Uncertain,Uncertain,97.968,25.33,,False,97.968,,neutral,neutral,neutral,uncertain,uncertain,neutral,,,,83.7,-,-0.4565,0.6983,-20.9672,-2.48051692133618,,,0.856,pathogenic,,,,,https://doi.org/10.1101/2022.10.22.513328
G6K,NP_000240:p.Gly6Lys,,,,,saturation,,1.67892,-0.07029333333333332,0.19592696918581587,Neutral,Neutral,1.33617,0.591004766835448,0.4643421813905407,False,0.071,,,,,,,Uncertain,Uncertain,Uncertain,97.968,25.33,,False,97.968,,neutral,neutral,neutral,uncertain,uncertain,neutral,,,,83.7,-,-0.3325,0.6983,-6.6794,-0.958304529349328,,,0.857,pathogenic,,,,,https://doi.org/10.1101/2022.10.22.513328
G6L,NP_000240:p.Gly6Leu,,,,,saturation,,2.08486,-0.22415000000000004,-0.10637271762367488,Uncertain,Uncertain,1.3406,0.6282869572098406,0.5686866590591733,False,0.071,,,,,,,Uncertain,Uncertain,Uncertain,97.968,25.33,,False,97.968,,neutral,neutral,neutral,uncertain,uncertain,neutral,,,,83.7,-,-0.4247,0.6983,-20.9672,-1.76296860560176,,,0.883,pathogenic,,,,,https://doi.org/10.1101/2022.10.22.513328
G6M,NP_000240:p.Gly6Met,,,,,saturation,,1.91847,0.03469333333333339,0.057934854871722195,Neutral,Neutral,1.37994,0.9613145656628509,0.45656661717933095,False,0.071,,,,,,,Uncertain,Uncertain,Uncertain,97.968,25.33,,False,97.968,,neutral,neutral,neutral,uncertain,uncertain,neutral,,,,83.7,-,-0.3629,0.6983,-20.9672,-1.98938922224401,,,0.9188,pathogenic,,,,,https://doi.org/10.1101/2022.10.22.513328
G6N,NP_000240:p.Gly6Asn,,,,,saturation,,1.71854,-0.10487333333333333,0.002228496385075505,Neutral,Neutral,1.25089,0.6639923227635157,0.33531190991280313,False,0.071,,,,,,,Uncertain,Uncertain,Uncertain,97.968,25.33,,False,97.968,,neutral,neutral,neutral,uncertain,uncertain,neutral,,,,83.7,-,-0.3735,0.6983,-20.9672,-0.820549308051758,,,0.7643,pathogenic,,,,,https://doi.org/10.1101/2022.10.22.513328
G6P,NP_000240:p.Gly6Pro,,,,,saturation,,4.32294,3.8399099999999997,2.0223566905314665,Destabilizing,Uncertain,2.66295,0.8615508783970139,1.0577823538128932,False,0.071,,,,,,,Uncertain,Uncertain,Uncertain,97.968,25.33,,False,97.968,,neutral,neutral,neutral,uncertain,uncertain,neutral,,,,83.7,-,-0.3909,0.6983,-5.3575,-0.710603385559091,,,0.7354,pathogenic,,,,,https://doi.org/10.1101/2022.10.22.513328
G6Q,NP_000240:p.Gly6Gln,,,,,saturation,,1.86994,-0.09558,0.45800470290405987,Neutral,Neutral,1.29757,0.5971766072109657,0.5494775743640316,False,0.071,,,,,,,Uncertain,Uncertain,Uncertain,97.968,25.33,,False,97.968,,neutral,neutral,neutral,uncertain,uncertain,neutral,,,,83.7,-,-0.3764,0.6983,-20.9672,-1.75989783727971,,,0.8146,pathogenic,,,,,https://doi.org/10.1101/2022.10.22.513328
G6R,NP_000240:p.Gly6Arg,,,,,"saturation,clinvar",,1.69755,-0.17018,0.0880041140658006,Neutral,Neutral,1.25353,1.0150656474337016,0.4996074171948616,False,0.071,,,,,,,Uncertain,Uncertain,Uncertain,97.968,25.33,,False,97.968,,neutral,neutral,neutral,uncertain,uncertain,neutral,1778330,Uncertain significance,2,83.7,-,-0.3136,0.6983,-6.0945,-0.669834958775934,,,0.7296,pathogenic,,,,,https://doi.org/10.1101/2022.10.22.513328
G6S,NP_000240:p.Gly6Ser,,,,,saturation,,2.05343,-0.22822999999999996,0.3885800279270437,Uncertain,Uncertain,1.4717,0.37325374059300015,0.4979130558151924,False,0.071,,,,,,,Uncertain,Uncertain,Uncertain,97.968,25.33,,False,97.968,,neutral,neutral,neutral,uncertain,uncertain,neutral,,,,83.7,-,-0.2459,0.6983,-6.6794,-1.48475639828105,,,0.2826,benign,,,,,https://doi.org/10.1101/2022.10.22.513328
G6T,NP_000240:p.Gly6Thr,,,,,saturation,,2.85914,-0.6462566666666667,0.5855539590482618,Uncertain,Uncertain,1.57063,0.300862167150046,0.8106547812928945,False,0.071,,,,,,,Uncertain,Uncertain,Uncertain,97.968,25.33,,False,97.968,,neutral,neutral,neutral,uncertain,uncertain,neutral,,,,83.7,-,-0.3957,0.6983,-20.9672,-1.48513870061913,,,0.5063,ambiguous,,,,,https://doi.org/10.1101/2022.10.22.513328
G6V,NP_000240:p.Gly6Val,,,,,"saturation,clinvar",,3.29144,-0.26666666666666666,0.6403424127901162,Uncertain,Uncertain,1.77708,0.5892382672192595,0.8576675706326617,False,0.071,,,,,,,Uncertain,Uncertain,Uncertain,97.968,25.33,,False,97.968,,neutral,neutral,neutral,uncertain,uncertain,neutral,1780376,Uncertain significance,2,83.7,-,-0.3997,0.6983,-20.9672,-1.9080937064889,,,0.6417,pathogenic,,,,,https://doi.org/10.1101/2022.10.22.513328
G6W,NP_000240:p.Gly6Trp,,,,,"saturation,clinvar",,2.05049,0.56746,-0.25072704669200224,Uncertain,Uncertain,1.36369,0.7277934576970767,0.6310685836859334,False,0.071,,,,,,,Uncertain,Uncertain,Uncertain,97.968,25.33,,False,97.968,,neutral,neutral,neutral,uncertain,uncertain,neutral,1723699,Uncertain significance,2,83.7,-,-0.4106,0.6983,-20.9672,-2.72177184609068,,,0.9044,pathogenic,,,,,https://doi.org/10.1101/2022.10.22.513328
G6Y,NP_000240:p.Gly6Tyr,,,,,saturation,,2.01884,-0.12970666666666666,0.13054701361064883,Uncertain,Uncertain,1.23309,0.7126152933307627,0.6624442526881306,False,0.071,,,,,,,Uncertain,Uncertain,Uncertain,97.968,25.33,,False,97.968,,neutral,neutral,neutral,uncertain,uncertain,neutral,,,,83.7,-,-0.4112,0.6983,-20.9672,-2.72177184609068,,,0.9184,pathogenic,,,,,https://doi.org/10.1101/2022.10.22.513328
V7A,NP_000240:p.Val7Ala,,,,,"saturation,clinvar",,0.1413,0.17857,0.33914309388504443,Neutral,Neutral,0.54517,0.11626079677460785,0.13194941926325118,False,0.11,,,,,,,Uncertain,Uncertain,Uncertain,115.779,39.543,,False,115.779,,neutral,neutral,neutral,neutral,uncertain,neutral,2695434,Uncertain significance,2,86.75,-,-0.1248,1.5677,-6.1898,-0.437968086614294,0.0182883673872712,Benign,0.2614,benign,,,,,https://doi.org/10.1101/2022.10.22.513328
V7C,NP_000240:p.Val7Cys,,,,,saturation,,0.11271,0.8133766666666666,0.9055519503038899,Neutral,Neutral,0.32284,0.12769528347680748,0.04449420921950198,False,0.11,,,,,,,Uncertain,Uncertain,Uncertain,115.779,39.543,,False,115.779,,neutral,neutral,neutral,neutral,uncertain,neutral,,,,86.75,-,-0.2286,1.5677,-21.0625,-1.59771229028025,0.0787189758368368,Benign,0.7229,pathogenic,,,,,https://doi.org/10.1101/2022.10.22.513328
V7D,NP_000240:p.Val7Asp,,,,,saturation,,0.23923,-0.34557666666666664,-0.0029309461988776633,Neutral,Neutral,0.83413,0.3089754877368466,0.14883101675949437,False,0.11,,,,,,,Uncertain,Uncertain,Uncertain,115.779,39.543,,False,115.779,,neutral,neutral,neutral,neutral,uncertain,neutral,,,,86.75,-,-0.3673,1.5677,-21.0625,-1.76553356553738,0.1829264373431285,Benign,0.4614,ambiguous,,,,,https://doi.org/10.1101/2022.10.22.513328
V7E,NP_000240:p.Val7Glu,,,,,saturation,,-0.1597,-0.08333333333333333,-0.0823965288201204,Neutral,Neutral,0.73417,0.2858346963232809,0.1223273338410172,False,0.11,,,,,,,Uncertain,Uncertain,Uncertain,115.779,39.543,,False,115.779,,neutral,neutral,neutral,uncertain,uncertain,neutral,,,,86.75,-,-0.2568,1.5677,-7.7747,-1.70149648440503,0.0064841433127955,Benign,0.3032,benign,,,,,https://doi.org/10.1101/2022.10.22.513328
V7F,NP_000240:p.Val7Phe,,,,,"saturation,clinvar",,-0.0227,0.13310999999999998,-0.07767347646342605,Neutral,Neutral,1.1419,0.11575379590608105,0.123052507463815,False,0.11,,,,,,,Uncertain,Uncertain,Uncertain,115.779,39.543,,False,115.779,,neutral,neutral,neutral,uncertain,uncertain,neutral,182534,Conflicting classifications of pathogenicity,1,86.75,-,-0.2779,1.5677,-21.0625,-1.75805741523037,0.6471084068002098,Uncertain,0.1934,benign,,,,,https://doi.org/10.1101/2022.10.22.513328
V7G,NP_000240:p.Val7Gly,,,,,saturation,,0.53364,0.8116766666666667,0.8483825067075011,Neutral,Neutral,0.83878,0.14704527337599874,0.17890596305121437,False,0.11,,,,,,,Uncertain,Uncertain,Uncertain,115.779,39.543,,False,115.779,,neutral,neutral,neutral,neutral,uncertain,neutral,,,,86.75,-,-0.3265,1.5677,-21.0625,-2.35378148059617,0.2084856959611862,Benign,0.2701,benign,,,,,https://doi.org/10.1101/2022.10.22.513328
V7H,NP_000240:p.Val7His,,,,,saturation,,0.45932,0.09671,-0.11065284011685583,Neutral,Neutral,1.49273,0.09392005359169396,0.04277833834744249,False,0.11,,,,,,,Uncertain,Uncertain,Uncertain,115.779,39.543,,False,115.779,,neutral,neutral,neutral,uncertain,uncertain,neutral,,,,86.75,-,-0.3703,1.5677,-21.0625,-1.39444398109064,0.0478130278475124,Benign,0.6018,pathogenic,,,,,https://doi.org/10.1101/2022.10.22.513328
V7I,NP_000240:p.Val7Ile,"hg19,3:g.37035057G>A, hg38,3:g.36993566G>A",,,0.521,"cBioPortal,COSMIC,saturation",,-0.2047,0.021879999999999997,-0.14351060704483293,Neutral,Neutral,0.27733,0.02807035446872732,0.18161671755437594,False,0.11,,,,,,,Uncertain,Uncertain,Uncertain,115.779,39.543,,False,115.779,,neutral,neutral,neutral,uncertain,uncertain,neutral,,,,86.75,-,-0.0457,1.5677,-3.3154,-0.083554277985366,0.0017269960491827,Benign,0.0745,benign,,,,,https://doi.org/10.1101/2022.10.22.513328
V7K,NP_000240:p.Val7Lys,,,,,saturation,,-0.10649,-0.06734666666666667,0.06448323271583363,Neutral,Neutral,0.57651,0.06611494300752961,0.061045379877766086,False,0.11,,,,,,,Uncertain,Uncertain,Uncertain,115.779,39.543,,False,115.779,,neutral,neutral,neutral,uncertain,uncertain,neutral,,,,86.75,-,-0.2781,1.5677,-4.3154,-0.632531467698011,0.0007430292086205,Benign,0.2769,benign,,,,,https://doi.org/10.1101/2022.10.22.513328
V7L,NP_000240:p.Val7Leu,,,,,"saturation,clinvar",,-0.36993,-0.19274333333333335,-0.26626582658494297,Neutral,Neutral,0.3288,0.24239065360602408,0.07134357500063979,False,0.11,,,,,,,Uncertain,Uncertain,Uncertain,115.779,39.543,,False,115.779,,neutral,neutral,neutral,uncertain,uncertain,neutral,2452045,Uncertain significance,1,86.75,-,-0.2013,1.5677,-21.0625,-1.16216002238969,0.016627006585302,Benign,0.2557,benign,,,,,https://doi.org/10.1101/2022.10.22.513328
V7M,NP_000240:p.Val7Met,,,,,saturation,,-0.39276,0.2841266666666667,0.050390721523317895,Neutral,Neutral,0.4389,0.2830209420205901,0.07601148627045581,False,0.11,,,,,,,Uncertain,Uncertain,Uncertain,115.779,39.543,,False,115.779,,neutral,neutral,neutral,uncertain,uncertain,neutral,,,,86.75,-,-0.1426,1.5677,-7.7747,-1.40739111424503,0.1774915801481927,Benign,0.1676,benign,,,,,https://doi.org/10.1101/2022.10.22.513328
V7N,NP_000240:p.Val7Asn,,,,,saturation,,0.27057,-0.3336733333333333,0.1934661276399198,Neutral,Neutral,0.51967,0.1971117215072598,0.06168686316715435,False,0.11,,,,,,,Uncertain,Uncertain,Uncertain,115.779,39.543,,False,115.779,,neutral,neutral,neutral,neutral,uncertain,neutral,,,,86.75,-,-0.3552,1.5677,-21.0625,-1.31397381810942,0.0186109846391876,Benign,0.3037,benign,,,,,https://doi.org/10.1101/2022.10.22.513328
V7P,NP_000240:p.Val7Pro,,,,,saturation,,0.35309,-0.21734333333333336,1.0198616260919415,Neutral,Neutral,1.8976,0.5016612639576188,0.821817541271937,False,0.11,,,,,,,Uncertain,Uncertain,Uncertain,115.779,39.543,,False,115.779,,neutral,neutral,neutral,neutral,uncertain,neutral,,,,86.75,-,-0.3292,1.5677,-6.1898,-0.981904966352716,0.0022580238857976,Benign,0.6232,pathogenic,,,,,https://doi.org/10.1101/2022.10.22.513328
V7Q,NP_000240:p.Val7Gln,,,,,saturation,,-0.04949,0.03049666666666666,0.23263498261483898,Neutral,Neutral,0.63188,0.12475050897246426,0.047771332602430536,False,0.11,,,,,,,Uncertain,Uncertain,Uncertain,115.779,39.543,,False,115.779,,neutral,neutral,neutral,uncertain,uncertain,neutral,,,,86.75,-,-0.3352,1.5677,-21.0625,-1.57139180528574,0.0262310330143101,Benign,0.3076,benign,,,,,https://doi.org/10.1101/2022.10.22.513328
V7R,NP_000240:p.Val7Arg,,,,,saturation,,0.06016,0.22143000000000002,-0.027200156595945667,Neutral,Neutral,0.77703,0.16597282488407553,0.07766148847311832,False,0.11,,,,,,,Uncertain,Uncertain,Uncertain,115.779,39.543,,False,115.779,,neutral,neutral,neutral,uncertain,uncertain,neutral,,,,86.75,-,-0.2991,1.5677,-4.3154,-0.812177209554575,0.0009813487936019,Benign,0.2909,benign,,,,,https://doi.org/10.1101/2022.10.22.513328
V7S,NP_000240:p.Val7Ser,,,,,saturation,,0.41853,0.009863333333333335,0.25957490748563977,Neutral,Neutral,0.73872,0.13457214925665545,0.16074972835221946,False,0.11,,,,,,,Uncertain,Uncertain,Uncertain,115.779,39.543,,False,115.779,,neutral,neutral,neutral,neutral,uncertain,neutral,,,,86.75,-,-0.2315,1.5677,-6.7747,-0.851804611387065,0.0006959257003427,Benign,0.2937,benign,,,,,https://doi.org/10.1101/2022.10.22.513328
V7T,NP_000240:p.Val7Thr,,,,,saturation,,0.2091,-0.06576,0.15864630154419224,Neutral,Neutral,0.42798,0.05753974684221914,0.04346461955989914,False,0.11,,,,,,,Uncertain,Uncertain,Uncertain,115.779,39.543,,False,115.779,,neutral,neutral,neutral,neutral,uncertain,neutral,,,,86.75,-,-0.1376,1.5677,-4.9674,-0.565402796121753,0.0003283888010964,Benign,0.212,benign,,,,,https://doi.org/10.1101/2022.10.22.513328
V7W,NP_000240:p.Val7Trp,,,,,saturation,,0.24764,0.23945666666666668,-0.33403424192933384,Neutral,Neutral,1.85848,0.2827655391937914,0.07234163899543043,False,0.11,,,,,,,Uncertain,Uncertain,Uncertain,115.779,39.543,,False,115.779,,neutral,neutral,neutral,uncertain,uncertain,neutral,,,,86.75,-,-0.3184,1.5677,-21.0625,-2.23785535516278,0.6751963677098483,Uncertain,0.8493,pathogenic,,,,,https://doi.org/10.1101/2022.10.22.513328
V7Y,NP_000240:p.Val7Tyr,,,,,saturation,,0.10791,-0.011450000000000007,-0.03990441200374526,Neutral,Neutral,1.55129,0.1369993958624149,0.09364350821561189,False,0.11,,,,,,,Uncertain,Uncertain,Uncertain,115.779,39.543,,False,115.779,,neutral,neutral,neutral,uncertain,uncertain,neutral,,,,86.75,-,-0.3213,1.5677,-21.0625,-2.15812135876886,0.2617790608669329,Benign,0.5945,pathogenic,,,,,https://doi.org/10.1101/2022.10.22.513328
I8A,NP_000240:p.Ile8Ala,,,,,saturation,,0.34331,-1.22404,1.04027955414891,Neutral,Neutral,0.42893,1.711138701800646,0.3103021416716144,False,0.124,,,,,,,Uncertain,Uncertain,Uncertain,95.828,25.209,,True,95.828,,neutral,neutral,neutral,uncertain,uncertain,neutral,,,,89.22,-,-0.4188,0.0678,-22.002,-5.99977075976349,0.982835519840262,Pathogenic,0.9917,pathogenic,,,,,https://doi.org/10.1101/2022.10.22.513328
I8C,NP_000240:p.Ile8Cys,,,,,saturation,,0.39869,-0.7968266666666667,1.3572431576211574,Neutral,Neutral,0.49505,1.4824244739464993,0.36015938119593305,False,0.124,,,,,,,Uncertain,Uncertain,Uncertain,95.828,25.209,,True,95.828,,neutral,neutral,neutral,uncertain,uncertain,neutral,,,,89.22,-,-0.3988,0.0678,-22.002,-5.99977075976349,0.9762728647763612,Pathogenic,0.9981,pathogenic,,,,,https://doi.org/10.1101/2022.10.22.513328
I8D,NP_000240:p.Ile8Asp,,,,,saturation,,0.33032,-2.0147399999999998,0.7040705225166253,Uncertain,Neutral,0.54246,1.7690952140006484,0.2907867892706097,False,0.124,,,,,,,Uncertain,Uncertain,Uncertain,95.828,25.209,,True,95.828,,neutral,neutral,neutral,uncertain,uncertain,neutral,,,,89.22,-,-0.5429,0.0678,-22.002,-6.3511509141711,0.9740602522586927,Pathogenic,0.9998,pathogenic,,,,,https://doi.org/10.1101/2022.10.22.513328
I8E,NP_000240:p.Ile8Glu,,,,,saturation,,0.00742,-1.8811799999999999,0.6711250507679566,Neutral,Neutral,0.33911,1.5809855025479098,0.16254605492832017,False,0.124,,,,,,,Uncertain,Uncertain,Uncertain,95.828,25.209,,True,95.828,,neutral,neutral,neutral,uncertain,uncertain,neutral,,,,89.22,-,-0.5238,0.0678,-22.002,-6.3511509141711,0.98215557812957,Pathogenic,0.9985,pathogenic,,,,,https://doi.org/10.1101/2022.10.22.513328
I8F,NP_000240:p.Ile8Phe,,,,,"saturation,clinvar",,-0.05728,-1.5335600000000003,0.3880275150913702,Neutral,Neutral,0.32961,1.204678275059362,0.16104252009659575,False,0.124,,,,,,,Uncertain,Uncertain,Uncertain,95.828,25.209,,True,95.828,,neutral,neutral,neutral,uncertain,uncertain,neutral,1789251,Uncertain significance,2,89.22,-,-0.3798,0.0678,-22.002,-6.3511509141711,0.9744569465102924,Pathogenic,0.9699,pathogenic,,,,,https://doi.org/10.1101/2022.10.22.513328
I8G,NP_000240:p.Ile8Gly,,,,,saturation,,0.61191,-1.7060066666666664,1.679666320585018,Neutral,Neutral,0.57071,2.3838614620587517,0.6579612483339574,False,0.124,,,,,,,Uncertain,Uncertain,Uncertain,95.828,25.209,,True,95.828,,neutral,neutral,neutral,uncertain,uncertain,neutral,,,,89.22,-,-0.5095,0.0678,-22.002,-6.3511509141711,0.9760725736999936,Pathogenic,0.9985,pathogenic,,,,,https://doi.org/10.1101/2022.10.22.513328
I8H,NP_000240:p.Ile8His,,,,,saturation,,0.41362,-1.7930833333333334,0.4498650494118212,Neutral,Neutral,0.47745,1.5549814338941657,0.29038135998816594,False,0.124,,,,,,,Uncertain,Uncertain,Uncertain,95.828,25.209,,True,95.828,,neutral,neutral,neutral,uncertain,uncertain,neutral,,,,89.22,-,-0.5094,0.0678,-22.002,-6.3511509141711,0.9843721622035502,Pathogenic,0.9993,pathogenic,,,,,https://doi.org/10.1101/2022.10.22.513328
I8K,NP_000240:p.Ile8Lys,,,,,saturation,,0.02528,-1.82982,0.6623249033964211,Neutral,Neutral,0.28418,1.7377795427690665,0.2883826998448549,False,0.124,,,,,,,Uncertain,Uncertain,Uncertain,95.828,25.209,,True,95.828,,neutral,neutral,neutral,uncertain,uncertain,neutral,,,,89.22,-,-0.5163,0.0678,-22.002,-6.12945471994081,0.9764305631171926,Pathogenic,0.9977,pathogenic,,,,,https://doi.org/10.1101/2022.10.22.513328
I8L,NP_000240:p.Ile8Leu,,,,,"saturation,clinvar",,-0.09068,-1.4989800000000002,0.14210714344754294,Neutral,Neutral,0.25357,1.170188124220489,0.17688678315170733,False,0.124,,,,,,,Uncertain,Uncertain,Uncertain,95.828,25.209,,True,95.828,,neutral,neutral,neutral,uncertain,uncertain,neutral,1789245,Uncertain significance,2,89.22,-,-0.2362,0.0678,-8.7141,-2.82955987767951,0.7152270019264655,Pathogenic,0.8991,pathogenic,,,,,https://doi.org/10.1101/2022.10.22.513328
I8M,NP_000240:p.Ile8Met,,,,,"saturation,clinvar",,-0.0539,-1.1960333333333333,0.5193885556208196,Neutral,Neutral,0.44439,1.5247783329462097,0.23198069442656,False,0.124,,,,,,,Uncertain,Uncertain,Uncertain,95.828,25.209,,True,95.828,,neutral,neutral,neutral,uncertain,uncertain,neutral,856302,Uncertain significance,2,89.22,-,-0.3097,0.0678,-22.002,-2.90059469394325,0.98097053983789,Pathogenic,0.9257,pathogenic,,,,,https://doi.org/10.1101/2022.10.22.513328
I8N,NP_000240:p.Ile8Asn,,,,,saturation,,0.39112,-2.358276666666667,0.5412734689871241,Uncertain,Neutral,0.48347,1.6099072056557242,0.3726454126433876,False,0.124,,,,,,,Uncertain,Uncertain,Uncertain,95.828,25.209,,True,95.828,,neutral,neutral,neutral,uncertain,uncertain,neutral,,,,89.22,-,-0.456,0.0678,-22.002,-6.3511509141711,0.9766600375985692,Pathogenic,0.9978,pathogenic,,,,,https://doi.org/10.1101/2022.10.22.513328
I8P,NP_000240:p.Ile8Pro,,,,,saturation,,0.45153,5.01406,2.933485464422816,Uncertain,Uncertain,1.21621,6.448454718938484,0.14437835573532878,False,0.124,,,,,,,Uncertain,Uncertain,Uncertain,95.828,25.209,,True,95.828,,neutral,neutral,neutral,uncertain,uncertain,neutral,,,,89.22,-,-0.5629,0.0678,-22.002,-6.3511509141711,0.9779777906709916,Pathogenic,0.9908,pathogenic,,,,,https://doi.org/10.1101/2022.10.22.513328
I8Q,NP_000240:p.Ile8Gln,,,,,saturation,,0.11963,-1.7837866666666666,0.8455134664739238,Neutral,Neutral,0.37532,1.5051571927727534,0.2392545066906506,False,0.124,,,,,,,Uncertain,Uncertain,Uncertain,95.828,25.209,,True,95.828,,neutral,neutral,neutral,uncertain,uncertain,neutral,,,,89.22,-,-0.4835,0.0678,-22.002,-6.3511509141711,0.9838630608784475,Pathogenic,0.9974,pathogenic,,,,,https://doi.org/10.1101/2022.10.22.513328
I8R,NP_000240:p.Ile8Arg,,,,,saturation,,0.14542,-1.4265333333333334,0.5255222342264735,Neutral,Neutral,0.38816,1.7726185579782496,0.2633892323150529,False,0.124,,,,,,,Uncertain,Uncertain,Uncertain,95.828,25.209,,True,95.828,,neutral,neutral,neutral,uncertain,uncertain,neutral,,,,89.22,-,-0.5431,0.0678,-22.002,-6.12945471994081,0.9802187951725728,Pathogenic,0.9949,pathogenic,,,,,https://doi.org/10.1101/2022.10.22.513328
I8S,NP_000240:p.Ile8Ser,,,,,saturation,,0.45122,-1.4767566666666667,1.079015900394152,Neutral,Neutral,0.49437,1.63784094771813,0.46599203597999217,False,0.124,,,,,,,Uncertain,Uncertain,Uncertain,95.828,25.209,,True,95.828,,neutral,neutral,neutral,uncertain,uncertain,neutral,,,,89.22,-,-0.4594,0.0678,-22.002,-5.99977075976349,0.9773414084845492,Pathogenic,0.9949,pathogenic,,,,,https://doi.org/10.1101/2022.10.22.513328
I8T,NP_000240:p.Ile8Thr,,,,,"saturation,clinvar",,0.27635,-0.3586133333333333,0.9012048397807418,Neutral,Neutral,0.43865,0.8076932043927462,0.22969469959084837,False,0.124,,,,,,,Uncertain,Uncertain,Uncertain,95.828,25.209,,True,95.828,,neutral,neutral,neutral,uncertain,uncertain,neutral,2682005,Uncertain significance,1,89.22,-,-0.3762,0.0678,-22.002,-5.99977075976349,0.9845992040954936,Pathogenic,0.9955,pathogenic,,,,,https://doi.org/10.1101/2022.10.22.513328
I8V,NP_000240:p.Ile8Val,,,,,"saturation,clinvar",,0.26998,0.07018,0.5346875776868766,Neutral,Neutral,0.31538,0.03474936642108265,0.10561136048804583,False,0.124,,,,,,,Uncertain,Uncertain,Uncertain,95.828,25.209,,True,95.828,,neutral,neutral,neutral,uncertain,uncertain,neutral,923063,Uncertain significance,2,89.22,-,-0.1913,0.0678,-7.7142,-2.61826297784092,0.1217546551599371,Benign,0.7515,pathogenic,,,,,https://doi.org/10.1101/2022.10.22.513328
I8W,NP_000240:p.Ile8Trp,,,,,saturation,,0.14194,-1.09093,0.13360293979753113,Neutral,Neutral,0.48491,1.437567828173683,0.1137218317893013,False,0.124,,,,,,,Uncertain,Uncertain,Uncertain,95.828,25.209,,True,95.828,,neutral,neutral,neutral,uncertain,uncertain,neutral,,,,89.22,-,-0.4687,0.0678,-22.002,-6.3511509141711,0.9818839596878196,Pathogenic,0.9984,pathogenic,,,,,https://doi.org/10.1101/2022.10.22.513328
I8Y,NP_000240:p.Ile8Tyr,,,,,saturation,,0.00547,-1.5485266666666668,0.4555235600729873,Neutral,Neutral,0.36,1.1713636271267585,0.1606935075381638,False,0.124,,,,,,,Uncertain,Uncertain,Uncertain,95.828,25.209,,True,95.828,,neutral,neutral,neutral,uncertain,uncertain,neutral,,,,89.22,-,-0.4776,0.0678,-22.002,-6.3511509141711,0.979631999089577,Pathogenic,0.997,pathogenic,,,,,https://doi.org/10.1101/2022.10.22.513328
R9A,NP_000240:p.Arg9Ala,,,,,saturation,,0.51426,0.52925,0.8591070741051552,Neutral,Neutral,0.30452,0.9006031116979332,0.3807167825568954,False,0.062,,,,,,,Uncertain,Uncertain,Uncertain,67.843,23.68,,True,67.843,,neutral,neutral,neutral,uncertain,uncertain,neutral,,,,89.15,-,-0.1701,1.8008,-7.7142,-1.9169168230823,0.5047261877750745,Uncertain,0.7605,pathogenic,,,,,https://doi.org/10.1101/2022.10.22.513328
R9C,NP_000240:p.Arg9Cys,,,,,saturation,,0.44658,1.04739,1.4100895692231366,Neutral,Neutral,0.23697,0.5663241782465822,0.3562419582239775,False,0.062,,,,,,,Uncertain,Uncertain,Uncertain,67.843,23.68,,True,67.843,,neutral,neutral,neutral,uncertain,uncertain,neutral,,,,89.15,-,-0.184,1.8008,-8.7141,-1.67510085449531,0.3805782205959883,Uncertain,0.231,benign,,,,,https://doi.org/10.1101/2022.10.22.513328
R9D,NP_000240:p.Arg9Asp,,,,,saturation,,0.47572,0.9054433333333334,0.8096008441778367,Neutral,Neutral,0.41423,1.0524777541697603,0.8081437703889807,False,0.062,,,,,,,Uncertain,Uncertain,Uncertain,67.843,23.68,,True,67.843,,neutral,neutral,neutral,uncertain,uncertain,neutral,,,,89.15,-,-0.334,1.8008,-22.002,-1.61255472559312,0.836415216386029,Pathogenic,0.9415,pathogenic,,,,,https://doi.org/10.1101/2022.10.22.513328
R9E,NP_000240:p.Arg9Glu,,,,,saturation,,0.25187,0.6620166666666667,0.677531782059738,Neutral,Neutral,0.43076,0.7736259290007168,0.6331722422609549,False,0.062,,,,,,,Uncertain,Uncertain,Uncertain,67.843,23.68,,True,67.843,,neutral,neutral,neutral,uncertain,uncertain,neutral,,,,89.15,-,-0.2012,1.8008,-6.7142,-1.37538543677782,0.2023954158942775,Benign,0.6049,pathogenic,,,,,https://doi.org/10.1101/2022.10.22.513328
R9F,NP_000240:p.Arg9Phe,,,,,saturation,,-0.0833,-0.024376666666666675,0.3510488459425029,Neutral,Neutral,0.57919,0.3469556706875134,0.21337192230208257,False,0.062,,,,,,,Uncertain,Uncertain,Uncertain,67.843,23.68,,True,67.843,,neutral,neutral,neutral,uncertain,uncertain,neutral,,,,89.15,-,-0.2751,1.8008,-22.002,-2.0049939671786,0.7836648415140668,Pathogenic,0.8071,pathogenic,,,,,https://doi.org/10.1101/2022.10.22.513328
R9G,NP_000240:p.Arg9Gly,,,,,"saturation,clinvar",,0.74846,1.6797033333333333,1.3648437022044453,Neutral,Neutral,0.39011,0.7809507692692429,0.5235451549256838,False,0.062,,,,,,,Uncertain,Uncertain,Uncertain,67.843,23.68,,True,67.843,,neutral,neutral,neutral,uncertain,uncertain,neutral,919271,Uncertain significance,2,89.15,-,-0.2783,1.8008,-22.002,-2.91061781994942,0.8917467267066214,Pathogenic,0.6315,pathogenic,,,,,https://doi.org/10.1101/2022.10.22.513328
R9H,NP_000240:p.Arg9His,,,,,"saturation,clinvar",,0.50616,0.40374333333333334,0.42012554175570815,Neutral,Neutral,0.3218,0.7766393828254884,0.4199218235565167,False,0.062,,,,,,,Uncertain,Uncertain,Uncertain,67.843,23.68,,True,67.843,,neutral,neutral,neutral,uncertain,uncertain,neutral,1377655,Uncertain significance,1,89.15,-,-0.1255,1.8008,-4.9069,-1.36570121876014,0.0458283501400819,Benign,0.1699,benign,,,,,https://doi.org/10.1101/2022.10.22.513328
R9I,NP_000240:p.Arg9Ile,,,,,saturation,,0.25558,0.38855,0.4856749267972575,Neutral,Neutral,0.57808,0.23665922603327064,0.23345591882079292,False,0.062,,,,,,,Uncertain,Uncertain,Uncertain,67.843,23.68,,True,67.843,,neutral,neutral,neutral,uncertain,uncertain,neutral,,,,89.15,-,-0.1995,1.8008,-7.7142,-1.26829089475943,0.1210293866690046,Benign,0.513,ambiguous,,,,,https://doi.org/10.1101/2022.10.22.513328
R9K,NP_000240:p.Arg9Lys,,,,,saturation,,0.06682,0.22823000000000002,0.6355929135303652,Neutral,Neutral,0.24993,0.33193830039130257,0.46331224454824405,False,0.062,,,,,,,Uncertain,Uncertain,Uncertain,67.843,23.68,,True,67.843,,neutral,neutral,neutral,uncertain,uncertain,neutral,,,,89.15,-,-0.0316,1.8008,-2.0995,-0.575440534986848,0.0008081984921507,Benign,0.1422,benign,,,,,https://doi.org/10.1101/2022.10.22.513328
R9L,NP_000240:p.Arg9Leu,,,,,saturation,,0.00834,0.10952666666666666,0.11428241566635816,Neutral,Neutral,0.52852,0.102410272054234,0.12316048174072607,False,0.062,,,,,,,Uncertain,Uncertain,Uncertain,67.843,23.68,,True,67.843,,neutral,neutral,neutral,uncertain,uncertain,neutral,,,,89.15,-,-0.1623,1.8008,-5.7142,-1.299002155373,0.0265093784996773,Benign,0.4448,ambiguous,,,,,https://doi.org/10.1101/2022.10.22.513328
R9M,NP_000240:p.Arg9Met,,,,,saturation,,-0.13978,0.3284566666666667,0.5231741327673095,Neutral,Neutral,0.75524,0.2437567477812438,0.22406333307101475,False,0.062,,,,,,,Uncertain,Uncertain,Uncertain,67.843,23.68,,True,67.843,,neutral,neutral,neutral,uncertain,uncertain,neutral,,,,89.15,-,-0.2113,1.8008,-22.002,-1.92007576668696,0.625628324970877,Uncertain,0.6764,pathogenic,,,,,https://doi.org/10.1101/2022.10.22.513328
R9N,NP_000240:p.Arg9Asn,,,,,saturation,,0.49157,0.83787,0.7006820982216825,Neutral,Neutral,0.27121,0.6589167783567209,0.43047167545872744,False,0.062,,,,,,,Uncertain,Uncertain,Uncertain,67.843,23.68,,True,67.843,,neutral,neutral,neutral,uncertain,uncertain,neutral,,,,89.15,-,-0.2579,1.8008,-22.002,-1.69895173304434,0.3130697813067292,Benign,0.8603,pathogenic,,,,,https://doi.org/10.1101/2022.10.22.513328
R9P,NP_000240:p.Arg9Pro,,,,,saturation,,0.84995,0.8753966666666667,1.4078148006456785,Neutral,Neutral,1.42583,1.3844155976279506,0.6383793341785943,False,0.062,,,,,,,Uncertain,Uncertain,Uncertain,67.843,23.68,,True,67.843,,neutral,neutral,neutral,uncertain,uncertain,neutral,,,,89.15,-,-0.385,1.8008,-22.002,-2.91061781994942,0.9074791441768508,Pathogenic,0.978,pathogenic,,,,,https://doi.org/10.1101/2022.10.22.513328
R9Q,NP_000240:p.Arg9Gln,"hg19,3:g.37035064G>A, hg38,3:g.36993573G>A",,1.59079881963e-05,0.554,"cBioPortal,COSMIC,saturation,clinvar",,0.22853,0.15646333333333332,0.783167413601395,Neutral,Neutral,0.27748,0.7361741357556346,0.39502641264228167,False,0.062,,,,,,,Uncertain,Uncertain,Uncertain,67.843,23.68,,True,67.843,,neutral,neutral,neutral,uncertain,uncertain,neutral,576418,Uncertain significance,2,89.15,-,-0.1251,1.8008,-3.8563,-0.85573662150052,0.0126510371650932,Benign,0.1317,benign,,,,,https://doi.org/10.1101/2022.10.22.513328
R9S,NP_000240:p.Arg9Ser,,,,,saturation,,0.53181,0.80238,0.8888633316553981,Neutral,Neutral,0.35594,0.8185525481401097,0.5749573587812786,False,0.062,,,,,,,Uncertain,Uncertain,Uncertain,67.843,23.68,,True,67.843,,neutral,neutral,neutral,uncertain,uncertain,neutral,,,,89.15,-,-0.1757,1.8008,-8.7141,-1.92668840116504,0.2375564415104115,Benign,0.789,pathogenic,,,,,https://doi.org/10.1101/2022.10.22.513328
R9T,NP_000240:p.Arg9Thr,,,,,saturation,,0.46199,0.7204066666666668,0.736503550278059,Neutral,Neutral,0.31839,0.6795457065978384,0.46810114150568866,False,0.062,,,,,,,Uncertain,Uncertain,Uncertain,67.843,23.68,,True,67.843,,neutral,neutral,neutral,uncertain,uncertain,neutral,,,,89.15,-,-0.172,1.8008,-7.1292,-1.70378161085615,0.4436822934206946,Uncertain,0.581,pathogenic,,,,,https://doi.org/10.1101/2022.10.22.513328
R9V,NP_000240:p.Arg9Val,,,,,saturation,,0.51387,0.4534033333333333,0.6104011601603828,Neutral,Neutral,0.31638,0.3418986189241223,0.26759090831538757,False,0.062,,,,,,,Uncertain,Uncertain,Uncertain,67.843,23.68,,True,67.843,,neutral,neutral,neutral,uncertain,uncertain,neutral,,,,89.15,-,-0.1773,1.8008,-5.9069,-1.46279671908645,0.1043221501185095,Benign,0.5525,ambiguous,,,,,https://doi.org/10.1101/2022.10.22.513328
R9W,NP_000240:p.Arg9Trp,"hg19,3:g.37035063C>T",,0.0,0.860,"cBioPortal,saturation,clinvar",,0.03868,0.1761933333333333,0.06974031341653718,Neutral,Neutral,0.5688,0.17352208204017017,0.3072137075235447,False,0.062,,,,,,,Uncertain,Uncertain,Uncertain,67.843,23.68,,True,67.843,,neutral,neutral,neutral,uncertain,uncertain,neutral,90122,Uncertain significance,2,89.15,-,-0.2607,1.8008,-22.002,-2.13586303929885,0.9391443271941003,Pathogenic,0.4304,ambiguous,,,,,https://doi.org/10.1101/2022.10.22.513328
R9Y,NP_000240:p.Arg9Tyr,,,,,saturation,,-0.01964,-0.19444000000000003,0.46687800197789514,Neutral,Neutral,0.51364,0.31407759243006605,0.30107437763651207,False,0.062,,,,,,,Uncertain,Uncertain,Uncertain,67.843,23.68,,True,67.843,,neutral,neutral,neutral,uncertain,uncertain,neutral,,,,89.15,-,-0.2644,1.8008,-22.002,-1.78943078916075,0.7310015268405018,Pathogenic,0.6636,pathogenic,,,,,https://doi.org/10.1101/2022.10.22.513328
R10A,NP_000240:p.Arg10Ala,,,,,saturation,,0.59111,0.6026066666666666,0.44073173781151737,Neutral,Neutral,0.34989,0.31684106555530683,0.17302443658195404,False,0.037,,,,,,,Uncertain,Uncertain,Uncertain,86.453,14.496,,True,86.453,,neutral,neutral,neutral,uncertain,uncertain,neutral,,,,88.01,-,-0.1617,1.6082,-2.602,-1.67372366661044,0.0270417734873531,Benign,0.85,pathogenic,,,,,https://doi.org/10.1101/2022.10.22.513328
R10C,NP_000240:p.Arg10Cys,,,,,saturation,,0.54877,1.0037399999999999,0.9683437247557928,Neutral,Neutral,0.60551,0.18255338196447266,0.09530852733439929,False,0.037,,,,,,,Uncertain,Uncertain,Uncertain,86.453,14.496,,True,86.453,,neutral,neutral,neutral,uncertain,uncertain,neutral,,,,88.01,-,-0.2696,1.6082,-22.019,-2.68502026777675,0.8638376386814546,Pathogenic,0.5797,pathogenic,,,,,https://doi.org/10.1101/2022.10.22.513328
R10D,NP_000240:p.Arg10Asp,,,,,saturation,,0.39553,0.46065666666666666,0.34300035806858026,Neutral,Neutral,0.398,0.1315421497298701,0.1729047716690702,False,0.037,,,,,,,Uncertain,Uncertain,Uncertain,86.453,14.496,,True,86.453,,neutral,neutral,neutral,uncertain,uncertain,neutral,,,,88.01,-,-0.3518,1.6082,-22.019,-3.20887110268727,0.9647724146035844,Pathogenic,0.9899,pathogenic,,,,,https://doi.org/10.1101/2022.10.22.513328
R10E,NP_000240:p.Arg10Glu,,,,,saturation,,0.25198,0.24126666666666666,0.17080246918983555,Neutral,Neutral,0.52507,0.10813478821462694,0.26518970797366886,False,0.037,,,,,,,Uncertain,Uncertain,Uncertain,86.453,14.496,,True,86.453,,neutral,neutral,neutral,uncertain,uncertain,neutral,,,,88.01,-,-0.2971,1.6082,-22.019,-3.20887110268727,0.5267748690601092,Uncertain,0.9006,pathogenic,,,,,https://doi.org/10.1101/2022.10.22.513328
R10F,NP_000240:p.Arg10Phe,,,,,saturation,,-0.09475,0.1377566666666667,-0.0015609477309993375,Neutral,Neutral,0.37107,0.5307851349547092,0.09251322498357716,False,0.037,,,,,,,Uncertain,Uncertain,Uncertain,86.453,14.496,,True,86.453,,neutral,neutral,neutral,uncertain,uncertain,neutral,,,,88.01,-,-0.2929,1.6082,-22.019,-3.78360158271016,0.8996089418323518,Pathogenic,0.9772,pathogenic,,,,,https://doi.org/10.1101/2022.10.22.513328
R10G,NP_000240:p.Arg10Gly,,,,,"saturation,clinvar",,0.42668,1.1928566666666667,1.0055423710273346,Neutral,Neutral,0.61244,0.3185040199990505,0.17481963292784194,False,0.037,,,,,,,Uncertain,Uncertain,Uncertain,86.453,14.496,,True,86.453,,neutral,neutral,neutral,uncertain,uncertain,neutral,439176,Uncertain significance,2,88.01,-,-0.2283,1.6082,-8.7312,-3.25478668877556,0.9343250197831906,Pathogenic,0.8487,pathogenic,,,,,https://doi.org/10.1101/2022.10.22.513328
R10H,NP_000240:p.Arg10His,,,,,saturation,,0.35529,-0.11598666666666668,0.03731767501933989,Neutral,Neutral,0.28584,0.195856217726735,0.10274123079282066,False,0.037,,,,,,,Uncertain,Uncertain,Uncertain,86.453,14.496,,True,86.453,,neutral,neutral,neutral,uncertain,uncertain,neutral,,,,88.01,-,-0.1627,1.6082,-8.7312,-3.26168739263859,0.7469474862030376,Pathogenic,0.5062,ambiguous,,,,,https://doi.org/10.1101/2022.10.22.513328
R10I,NP_000240:p.Arg10Ile,,,,,saturation,,1.01898,0.3685966666666667,-0.08961851516899487,Neutral,Neutral,1.46698,0.08844277107573888,0.19345069089160294,False,0.037,,,,,,,Uncertain,Uncertain,Uncertain,86.453,14.496,,True,86.453,,neutral,neutral,neutral,uncertain,uncertain,neutral,,,,88.01,-,-0.2902,1.6082,-22.019,-3.17417529337648,0.5955370215394841,Uncertain,0.926,pathogenic,,,,,https://doi.org/10.1101/2022.10.22.513328
R10K,NP_000240:p.Arg10Lys,,,,,saturation,,0.12464,0.09501333333333332,0.14789975640468264,Neutral,Neutral,0.25076,0.05634356297651835,0.11938385798135492,False,0.037,,,,,,,Uncertain,Uncertain,Uncertain,86.453,14.496,,True,86.453,,neutral,neutral,neutral,uncertain,uncertain,neutral,,,,88.01,-,-0.0492,1.6082,-2.0589,-0.51434654378586,0.0002298700118104,Benign,0.2089,benign,,,,,https://doi.org/10.1101/2022.10.22.513328
R10L,NP_000240:p.Arg10Leu,"hg19,3:g.37035067G>T",,,0.753,"cBioPortal,saturation,clinvar",,0.13634,0.31383333333333335,-0.2227482637845725,Neutral,Neutral,0.31948,0.11911601105178468,0.08899216936537101,False,0.037,,,,,,,Uncertain,Uncertain,Uncertain,86.453,14.496,,True,86.453,,neutral,neutral,neutral,uncertain,uncertain,neutral,489899,Uncertain significance,2,88.01,-,-0.1954,1.6082,-8.7312,-2.68314232325143,0.5399637858432925,Uncertain,0.8128,pathogenic,,,,,https://doi.org/10.1101/2022.10.22.513328
R10M,NP_000240:p.Arg10Met,,,,,saturation,,0.2298,0.7193866666666667,0.12723300572705207,Neutral,Neutral,0.64024,0.2700911067687264,0.06185633832945517,False,0.037,,,,,,,Uncertain,Uncertain,Uncertain,86.453,14.496,,True,86.453,,neutral,neutral,neutral,uncertain,uncertain,neutral,,,,88.01,-,-0.2291,1.6082,-22.019,-3.17417529337648,0.705914424881423,Pathogenic,0.9311,pathogenic,,,,,https://doi.org/10.1101/2022.10.22.513328
R10N,NP_000240:p.Arg10Asn,,,,,saturation,,0.3186,0.33254,0.3022662381395397,Neutral,Neutral,0.35286,0.12696054531493894,0.08842422282253609,False,0.037,,,,,,,Uncertain,Uncertain,Uncertain,86.453,14.496,,True,86.453,,neutral,neutral,neutral,uncertain,uncertain,neutral,,,,88.01,-,-0.2757,1.6082,-22.019,-3.20887110268727,0.9797752472965612,Pathogenic,0.9799,pathogenic,,,,,https://doi.org/10.1101/2022.10.22.513328
R10P,NP_000240:p.Arg10Pro,,,,,saturation,,1.64581,0.08095000000000004,1.899057838425476,Neutral,Neutral,2.34494,0.6011625013810049,0.8860593297799841,False,0.037,,,,,,,Uncertain,Uncertain,Uncertain,86.453,14.496,,True,86.453,,neutral,neutral,neutral,uncertain,uncertain,neutral,,,,88.01,-,-0.3162,1.6082,-5.0309,-2.19528877530866,0.0424322256524899,Benign,0.7524,pathogenic,,,,,https://doi.org/10.1101/2022.10.22.513328
R10Q,NP_000240:p.Arg10Gln,"hg19,3:g.37035067G>A, hg38,3:g.36993576G>A",,7.9541206322e-06,0.748,"cBioPortal,COSMIC,saturation,clinvar",,0.2194,0.3896833333333333,0.3682607419179151,Neutral,Neutral,0.23968,0.10155959115492519,0.12024835650610159,False,0.037,,,,,,,Uncertain,Uncertain,Uncertain,86.453,14.496,,True,86.453,,neutral,neutral,neutral,uncertain,uncertain,neutral,230802,Uncertain significance,2,88.01,-,-0.2355,1.6082,-22.019,-2.37312715291201,0.4975954661657378,Uncertain,0.3883,ambiguous,,,,,https://doi.org/10.1101/2022.10.22.513328
R10S,NP_000240:p.Arg10Ser,,,,,saturation,,0.47216,0.27097333333333334,0.4634778737972665,Neutral,Neutral,0.37946,0.16782170346994918,0.15739335926455814,False,0.037,,,,,,,Uncertain,Uncertain,Uncertain,86.453,14.496,,True,86.453,,neutral,neutral,neutral,uncertain,uncertain,neutral,,,,88.01,-,-0.2613,1.6082,-22.019,-2.33006585109994,0.6862055852796279,Pathogenic,0.9546,pathogenic,,,,,https://doi.org/10.1101/2022.10.22.513328
R10T,NP_000240:p.Arg10Thr,,,,,saturation,,0.92673,0.19160999999999997,0.262183845325896,Neutral,Neutral,1.02204,0.18817799393127774,0.17644403406223724,False,0.037,,,,,,,Uncertain,Uncertain,Uncertain,86.453,14.496,,True,86.453,,neutral,neutral,neutral,uncertain,uncertain,neutral,,,,88.01,-,-0.2657,1.6082,-22.019,-2.68502026777675,0.6374368734732979,Uncertain,0.9323,pathogenic,,,,,https://doi.org/10.1101/2022.10.22.513328
R10V,NP_000240:p.Arg10Val,,,,,saturation,,1.16915,0.3037433333333333,0.04434047104042368,Neutral,Neutral,1.32412,0.006672982008734088,0.2178251677110839,False,0.037,,,,,,,Uncertain,Uncertain,Uncertain,86.453,14.496,,True,86.453,,neutral,neutral,neutral,uncertain,uncertain,neutral,,,,88.01,-,-0.2773,1.6082,-22.019,-2.2475334849658,0.6330791493812435,Uncertain,0.9149,pathogenic,,,,,https://doi.org/10.1101/2022.10.22.513328
R10W,NP_000240:p.Arg10Trp,,,,,"saturation,clinvar",,0.1856,0.23458333333333328,-0.3455209784926629,Neutral,Neutral,0.65578,0.3084738515480508,0.08213396444377925,False,0.037,,,,,,,Uncertain,Uncertain,Uncertain,86.453,14.496,,True,86.453,,neutral,neutral,neutral,uncertain,uncertain,neutral,489898,Uncertain significance,2,88.01,-,-0.2785,1.6082,-22.019,-3.78360158271016,0.967810536351496,Pathogenic,0.8711,pathogenic,,,,,https://doi.org/10.1101/2022.10.22.513328
R10Y,NP_000240:p.Arg10Tyr,,,,,saturation,,-0.01768,-0.2650766666666667,0.020240701574356063,Neutral,Neutral,0.34992,0.6493124315424398,0.09361231895227196,False,0.037,,,,,,,Uncertain,Uncertain,Uncertain,86.453,14.496,,True,86.453,,neutral,neutral,neutral,uncertain,uncertain,neutral,,,,88.01,-,-0.2822,1.6082,-22.019,-3.78360158271016,0.9542785779005926,Pathogenic,0.938,pathogenic,,,,,https://doi.org/10.1101/2022.10.22.513328
L11A,NP_000240:p.Leu11Ala,,,,,saturation,,1.38612,1.66712,0.9057945834681941,Neutral,Neutral,0.50121,0.21266388143421688,0.47015435412998074,False,0.053,,,,,,,Uncertain,Uncertain,Uncertain,45.869,15.133,,True,45.869,,neutral,neutral,neutral,uncertain,uncertain,neutral,,,,88.96,-,-0.4185,0.0001,-22.0359,-6.95722910095885,0.9909826715817128,Pathogenic,0.9884,pathogenic,,,,,https://doi.org/10.1101/2022.10.22.513328
L11C,NP_000240:p.Leu11Cys,,,,,saturation,,1.35046,1.5258533333333333,1.459997602780124,Neutral,Neutral,0.42561,0.3485615318546911,0.28855000678736975,False,0.053,,,,,,,Uncertain,Uncertain,Uncertain,45.869,15.133,,True,45.869,,neutral,neutral,neutral,uncertain,uncertain,neutral,,,,88.96,-,-0.4077,0.0001,-22.0359,-6.95722910095885,0.989396060105905,Pathogenic,0.9975,pathogenic,,,,,https://doi.org/10.1101/2022.10.22.513328
L11D,NP_000240:p.Leu11Asp,,,,,saturation,,1.24354,2.234923333333333,0.9507282550104184,Uncertain,Neutral,0.72481,0.45967551209763413,0.624489047657632,False,0.053,,,,,,,Uncertain,Uncertain,Uncertain,45.869,15.133,,True,45.869,,neutral,neutral,neutral,uncertain,uncertain,neutral,,,,88.96,-,-0.54,0.0001,-22.0359,-6.95722910095885,0.9918768125332572,Pathogenic,0.9998,pathogenic,,,,,https://doi.org/10.1101/2022.10.22.513328
L11E,NP_000240:p.Leu11Glu,,,,,saturation,,0.68519,1.396143333333333,0.630055762354212,Neutral,Neutral,0.52247,0.3728685187688669,0.4840310083546181,False,0.053,,,,,,,Uncertain,Uncertain,Uncertain,45.869,15.133,,True,45.869,,neutral,neutral,neutral,uncertain,uncertain,neutral,,,,88.96,-,-0.508,0.0001,-22.0359,-6.95722910095885,0.992816562769142,Pathogenic,0.9978,pathogenic,,,,,https://doi.org/10.1101/2022.10.22.513328
L11F,NP_000240:p.Leu11Phe,,,,,saturation,,0.61704,0.9988666666666667,0.24970921181430475,Neutral,Neutral,0.65765,1.0649323679412177,0.17752087316570295,False,0.053,,,,,,,Uncertain,Uncertain,Uncertain,45.869,15.133,,True,45.869,,neutral,neutral,neutral,uncertain,uncertain,neutral,,,,88.96,-,-0.3519,0.0001,-22.0359,-6.95722910095885,0.9915925829816372,Pathogenic,0.9941,pathogenic,,,,,https://doi.org/10.1101/2022.10.22.513328
L11G,NP_000240:p.Leu11Gly,,,,,saturation,,2.21008,2.9884366666666664,1.7632584139016878,Uncertain,Uncertain,0.65302,0.2391244925881821,0.466447905097284,False,0.053,,,,,,,Uncertain,Uncertain,Uncertain,45.869,15.133,,True,45.869,,neutral,neutral,neutral,uncertain,uncertain,neutral,,,,88.96,-,-0.4933,0.0001,-22.0359,-6.95722910095885,0.9912307188539662,Pathogenic,0.996,pathogenic,,,,,https://doi.org/10.1101/2022.10.22.513328
L11H,NP_000240:p.Leu11His,,,,,saturation,,1.40791,1.7340133333333334,0.415026076139882,Neutral,Neutral,0.80997,0.6443982785169089,0.4043968135412742,False,0.053,,,,,,,Uncertain,Uncertain,Uncertain,45.869,15.133,,True,45.869,,neutral,neutral,neutral,uncertain,uncertain,neutral,,,,88.96,-,-0.4608,0.0001,-22.0359,-6.95722910095885,0.9924544914902886,Pathogenic,0.9987,pathogenic,,,,,https://doi.org/10.1101/2022.10.22.513328
L11I,NP_000240:p.Leu11Ile,,,,,saturation,,0.86221,1.0675733333333335,0.1185220557562476,Neutral,Neutral,0.63634,0.42355579532755255,0.268354510426885,False,0.053,,,,,,,Uncertain,Uncertain,Uncertain,45.869,15.133,,True,45.869,,neutral,neutral,neutral,uncertain,uncertain,neutral,,,,88.96,-,-0.2926,0.0001,-22.0359,-3.17876056454012,0.9567995535282304,Pathogenic,0.9425,pathogenic,,,,,https://doi.org/10.1101/2022.10.22.513328
L11K,NP_000240:p.Leu11Lys,,,,,saturation,,0.65581,1.1970533333333333,0.6917043443082719,Neutral,Neutral,0.40104,0.3055634505121463,0.41509011188177747,False,0.053,,,,,,,Uncertain,Uncertain,Uncertain,45.869,15.133,,True,45.869,,neutral,neutral,neutral,uncertain,uncertain,neutral,,,,88.96,-,-0.5071,0.0001,-22.0359,-6.95722910095885,0.99068649554945,Pathogenic,0.9943,pathogenic,,,,,https://doi.org/10.1101/2022.10.22.513328
L11M,NP_000240:p.Leu11Met,"hg38,3:g.36993578C>A",,,0.761,"COSMIC,saturation",,-0.2193,0.5105466666666666,0.3310100870504185,Neutral,Neutral,0.21754,0.0504147573192171,0.18517443575037923,False,0.053,,,,,,,Uncertain,Uncertain,Uncertain,45.869,15.133,,True,45.869,,neutral,neutral,neutral,uncertain,uncertain,neutral,,,,88.96,-,-0.3159,0.0001,-22.0359,-4.19826662483468,0.7456500375477001,Pathogenic,0.9401,pathogenic,,,,,https://doi.org/10.1101/2022.10.22.513328
L11N,NP_000240:p.Leu11Asn,,,,,saturation,,1.37472,1.6980733333333333,0.7950966192115008,Neutral,Neutral,0.59341,0.16198355890508018,0.44645251827052823,False,0.053,,,,,,,Uncertain,Uncertain,Uncertain,45.869,15.133,,True,45.869,,neutral,neutral,neutral,uncertain,uncertain,neutral,,,,88.96,-,-0.4863,0.0001,-22.0359,-6.95722910095885,0.9914121212668554,Pathogenic,0.9987,pathogenic,,,,,https://doi.org/10.1101/2022.10.22.513328
L11P,NP_000240:p.Leu11Pro,,,,,"saturation,clinvar",,1.99009,2.35873,2.37842027147263,Uncertain,Uncertain,1.7811,2.2584328720154603,1.5134623498984277,False,0.053,,,,,,,Uncertain,Uncertain,Uncertain,45.869,15.133,,True,45.869,,neutral,neutral,neutral,uncertain,uncertain,neutral,964631,Uncertain significance,1,88.96,-,-0.5019,0.0001,-22.0359,-6.95722910095885,0.9892890265526776,Pathogenic,0.9989,pathogenic,,,,,https://doi.org/10.1101/2022.10.22.513328
L11Q,NP_000240:p.Leu11Gln,,,,,saturation,,0.85467,1.03152,0.7763104270095934,Neutral,Neutral,0.36669,0.28406612364025385,0.3562686036105597,False,0.053,,,,,,,Uncertain,Uncertain,Uncertain,45.869,15.133,,True,45.869,,neutral,neutral,neutral,uncertain,uncertain,neutral,,,,88.96,-,-0.4392,0.0001,-22.0359,-6.95722910095885,0.9920448191687644,Pathogenic,0.9978,pathogenic,,,,,https://doi.org/10.1101/2022.10.22.513328
L11R,NP_000240:p.Leu11Arg,,,,,"saturation,clinvar",,0.83628,1.11542,0.41983529477530873,Neutral,Neutral,0.39404,0.15880125020498634,0.2847897780585061,False,0.053,,,,,,,Uncertain,Uncertain,Uncertain,45.869,15.133,,True,45.869,,neutral,neutral,neutral,uncertain,uncertain,neutral,839424,Uncertain significance,2,88.96,-,-0.4987,0.0001,-22.0359,-6.95722910095885,0.9909183005503572,Pathogenic,0.9904,pathogenic,,,,,https://doi.org/10.1101/2022.10.22.513328
