gene_id,transcript_id,ref_seq_id,Mutation,variant_coordinate,affected_nucleotide_position,Δ_type,Δ_score,REF_score,ALT_score,gene_symbol
ENSG00000171862.16,ENST00000371953.8,['NM_000314.8'],A3V,"hg38,10:g.87864477C>T",71bp,Splice_Loss,-0.02,0.62,0.60,PTEN
ENSG00000171862.16,ENST00000371953.8,['NM_000314.8'],A3V,"hg38,10:g.87864477C>T",-7bp,Splice_Gain,0.00,0.05,0.05,PTEN
ENSG00000171862.16_15,ENST00000371953.8_7,['NM_000314.8'],A3V,"hg19,10:g.89624234C>T",71bp,Splice_Loss,-0.02,0.62,0.60,PTEN
ENSG00000171862.16_15,ENST00000371953.8_7,['NM_000314.8'],A3V,"hg19,10:g.89624234C>T",-7bp,Splice_Gain,0.00,0.05,0.05,PTEN
ENSG00000171862.16,ENST00000371953.8,['NM_000314.8'],A3T,"hg38,10:g.87864476G>A",72bp,Splice_Loss,-0.01,0.70,0.69,PTEN
ENSG00000171862.16,ENST00000371953.8,['NM_000314.8'],A3T,"hg38,10:g.87864476G>A",-22bp,Splice_Gain,0.01,0.23,0.24,PTEN
ENSG00000171862.16_15,ENST00000371953.8_7,['NM_000314.8'],A3T,"hg19,10:g.89624233G>A",72bp,Splice_Loss,-0.01,0.70,0.69,PTEN
ENSG00000171862.16_15,ENST00000371953.8_7,['NM_000314.8'],A3T,"hg19,10:g.89624233G>A",-22bp,Splice_Gain,0.01,0.23,0.24,PTEN
ENSG00000171862.16,ENST00000371953.8,['NM_000314.8'],A3S,"hg38,10:g.87864476G>T",72bp,Splice_Loss,-0.02,0.70,0.68,PTEN
ENSG00000171862.16,ENST00000371953.8,['NM_000314.8'],A3S,"hg38,10:g.87864476G>T",161bp,Splice_Gain,0.00,0.12,0.12,PTEN
ENSG00000171862.16,ENST00000371953.8,['NM_000314.8'],A3D,"hg38,10:g.87864477C>A",160bp,Splice_Loss,-0.00,0.12,0.12,PTEN
ENSG00000171862.16,ENST00000371953.8,['NM_000314.8'],A3D,"hg38,10:g.87864477C>A",71bp,Splice_Gain,0.01,0.70,0.71,PTEN
ENSG00000171862.16_15,ENST00000371953.8_7,['NM_000314.8'],A3D,"hg19,10:g.89624234C>A",160bp,Splice_Loss,-0.00,0.12,0.12,PTEN
ENSG00000171862.16_15,ENST00000371953.8_7,['NM_000314.8'],A3D,"hg19,10:g.89624234C>A",71bp,Splice_Gain,0.01,0.70,0.71,PTEN
