Mutation,HGVSp,HGVSg,gnomAD genome allele frequency,gnomAD exome allele frequency,REVEL score,Mutation sources,"Stability (FoldX5, kcal/mol) [md]","Stability (RaSP, kcal/mol) [md]","Stability classification, (RaSP, FoldX) [md]","Stability (FoldX5, kcal/mol, st. dev.) [md]","Stability (RaSP, kcal/mol, st. dev.) [md]",EFoldMine - part of early folding region,EFoldMine score,Relative Side Chain Solvent Accessibility in wild-type (average) [md],Relative Side Chain Solvent Accessibility in wild-type (standard deviation) [md],PTMs [md],is site part of phospho-SLiM [md],PTM residue SASA (%) [md],"Change in stability with PTM (FoldX5, kcal/mol) [md]",PTM effect in regulation [md],PTM effect in stability [md],PTM effect in function [md],AlloSigma2-PSN classification - pockets and interfaces [md],ClinVar Variation ID,ClinVar Interpretation,ClinVar Review Status,AlphaFold2 model pLDDT score,AlphaFold2 model secondary structure,DeMaSk delta fitness,DeMaSk Shannon entropy,DeMaSk log2 variant frequency,DeMaSk predicted consequence,GEMME Score,GEMME Score (rank-normalized),EVE score,EVE classification (25% Uncertain),AlphaMissense pathogenicity score,AlphaMissense classification,"Experimental data (cellular phosphatase assay, Functional)","Experimental data classification (cellular phosphatase assay, Functional)","Experimental data (VAMP-seq, Stability (ProtGym))","Experimental data classification (VAMP-seq, Stability (ProtGym))","Experimental data (VAMP-seq, Stability (MAVEdb))","Experimental data classification (VAMP-seq, Stability (MAVEdb))",References
T2W,NP_000305:p.Thr2Trp,,,,,saturation,-0.18031,-0.625177403020177,Neutral,0.67789,0.23010400653921814,False,0.032,94.226,23.056,,False,94.226,,uncertain,,,neutral,,,,66.83,H,-0.2571,1.7684,-21.632,loss_of_function,-4.13539834226218,0.5287829712660567,,,0.9374,pathogenic,0.130125524,neutral,,,,,https://doi.org/10.1101/2022.10.22.513328
T2Y,NP_000305:p.Thr2Tyr,,,,,saturation,-0.17173,-0.19913684577550064,Neutral,0.47431,0.12554642150824877,False,0.032,94.226,23.056,,False,94.226,,uncertain,,,neutral,,,,66.83,H,-0.2657,1.7684,-21.632,loss_of_function,-3.14204311072252,0.6286127300328977,,,0.8415,pathogenic,,,,,,,https://doi.org/10.1101/2022.10.22.513328
A3C,NP_000305:p.Ala3Cys,,,,,saturation,0.28837,0.7183466802760305,Neutral,0.31752,0.04891579226081177,False,0.102,86.737,14.7,,False,86.737,,neutral,neutral,neutral,neutral,,,,73.65,H,-0.144,2.1059,-21.68,loss_of_function,-3.70097473885897,0.5724414754480349,,,0.6086,pathogenic,,,0.955377783533265,neutral,,,https://doi.org/10.1101/2022.10.22.513328
A3D,NP_000305:p.Ala3Asp,"hg19,10:g.89624234C>A, hg38,10:g.87864477C>A",,,0.468,"cBioPortal,COSMIC,saturation",-0.57402,-0.3209968833271059,Neutral,0.61179,0.13709055087321997,False,0.102,86.737,14.7,,False,86.737,,neutral,neutral,neutral,neutral,,,,73.65,H,-0.146,2.1059,-6.0704,loss_of_function,-1.95767832926672,0.7476384790002797,,,0.656,pathogenic,0.76999015,neutral,,,,,https://doi.org/10.1101/2022.10.22.513328
A3E,NP_000305:p.Ala3Glu,,,,,saturation,-0.75355,-0.406934325828559,Neutral,0.4435,0.18402773493818858,False,0.102,86.737,14.7,,False,86.737,,neutral,neutral,neutral,neutral,,,,73.65,H,-0.2113,2.1059,-21.68,loss_of_function,-1.62324251333218,0.7812484563454323,,,0.6854,pathogenic,,,1.04015404975369,neutral,,,https://doi.org/10.1101/2022.10.22.513328
A3F,NP_000305:p.Ala3Phe,,,,,saturation,-0.24551,-0.16993911814781026,Neutral,0.41324,0.11136626636647944,False,0.102,86.737,14.7,,False,86.737,,neutral,neutral,neutral,neutral,,,,73.65,H,-0.1263,2.1059,-8.3922,loss_of_function,-4.65207579381934,0.47685815755236527,,,0.6584,pathogenic,,,0.719726177071464,damaging,,,https://doi.org/10.1101/2022.10.22.513328
A3G,NP_000305:p.Ala3Gly,,,,,saturation,0.18536,0.49754881579065563,Neutral,0.32135,0.15364766898110888,False,0.102,86.737,14.7,,False,86.737,,neutral,neutral,neutral,neutral,,,,73.65,H,-0.0697,2.1059,-8.3922,loss_of_function,-1.08400541582351,0.8354404590180159,,,0.178,benign,,,1.01672847421421,neutral,3.0,uncertain,https://doi.org/10.1101/2022.10.22.513328
A3H,NP_000305:p.Ala3His,,,,,saturation,0.33575,-0.40280591798483273,Neutral,0.29093,0.13315492846622426,False,0.102,86.737,14.7,,False,86.737,,neutral,neutral,neutral,neutral,,,,73.65,H,-0.1982,2.1059,-21.68,loss_of_function,-3.53007723434069,0.5896162545282959,,,0.6185,pathogenic,,,0.969315213893504,neutral,,,https://doi.org/10.1101/2022.10.22.513328
A3I,NP_000305:p.Ala3Ile,,,,,saturation,-0.00079,-0.10454228054893748,Neutral,0.30545,0.10371032875398972,False,0.102,86.737,14.7,,False,86.737,,neutral,neutral,neutral,neutral,,,,73.65,H,-0.1107,2.1059,-7.3923,loss_of_function,-2.70996315311665,0.6720357035737169,,,0.7683,pathogenic,,,0.9870912875232092,neutral,,,https://doi.org/10.1101/2022.10.22.513328
A3K,NP_000305:p.Ala3Lys,,,,,saturation,-0.04162,-0.25012906053634837,Neutral,0.19698,0.21356729663513388,False,0.102,86.737,14.7,,False,86.737,,neutral,neutral,neutral,neutral,,,,73.65,H,-0.1339,2.1059,-5.585,loss_of_function,-1.30030371367086,0.813703011818678,,,0.7788,pathogenic,2.15384674,damaging,1.3520935771443603,neutral,,,https://doi.org/10.1101/2022.10.22.513328
A3L,NP_000305:p.Ala3Leu,,,,,saturation,-0.16824,-0.46136284543369316,Neutral,0.25824,0.07795572504539829,False,0.102,86.737,14.7,,False,86.737,,neutral,neutral,neutral,neutral,,,,73.65,H,-0.1062,2.1059,-5.585,loss_of_function,-2.66671965908884,0.6763815684163881,,,0.5973,pathogenic,,,0.8336159052517891,neutral,,,https://doi.org/10.1101/2022.10.22.513328
A3M,NP_000305:p.Ala3Met,,,,,saturation,-0.15859,-0.14131012526737505,Neutral,0.30489,0.07755630475916753,False,0.102,86.737,14.7,,False,86.737,,neutral,neutral,neutral,neutral,,,,73.65,H,-0.0793,2.1059,-8.3922,loss_of_function,-0.798063837697233,0.8641768846786647,,,0.6335,pathogenic,1.145445108,damaging,0.886459439151202,neutral,,,https://doi.org/10.1101/2022.10.22.513328
A3N,NP_000305:p.Ala3Asn,,,,,saturation,0.01248,-0.1296895906020536,Neutral,0.43674,0.1313060664083769,False,0.102,86.737,14.7,,False,86.737,,neutral,neutral,neutral,neutral,,,,73.65,H,-0.0912,2.1059,-1.1255,loss_of_function,-0.301708063484439,0.9140594197767986,,,0.2951,benign,,,,,,,https://doi.org/10.1101/2022.10.22.513328
A3P,NP_000305:p.Ala3Pro,,,,,saturation,-0.7606,0.957681980238586,Neutral,0.59336,0.4896501776901176,False,0.102,86.737,14.7,,False,86.737,,neutral,neutral,neutral,neutral,,,,73.65,H,-0.2654,2.1059,-21.68,loss_of_function,-4.11756245877977,0.530575433709409,,,0.7497,pathogenic,,,1.25841244388074,neutral,,,https://doi.org/10.1101/2022.10.22.513328
A3Q,NP_000305:p.Ala3Gln,,,,,saturation,-0.17416,-0.0096872120828534,Neutral,0.2307,0.15766268183225293,False,0.102,86.737,14.7,,False,86.737,,neutral,neutral,neutral,neutral,,,,73.65,H,-0.1257,2.1059,-8.3922,loss_of_function,-2.45142100964044,0.698018553409105,,,0.4883,ambiguous,,,0.754925312045805,damaging,,,https://doi.org/10.1101/2022.10.22.513328
A3R,NP_000305:p.Ala3Arg,,,,,saturation,0.13491,-0.2685597170354275,Neutral,0.19104,0.18126847368035032,False,0.102,86.737,14.7,,False,86.737,,neutral,neutral,neutral,neutral,,,,73.65,H,-0.1446,2.1059,-5.585,loss_of_function,-2.05314906836308,0.7380439044204395,,,0.6904,pathogenic,1.185872474,damaging,0.803914013399025,neutral,,,https://doi.org/10.1101/2022.10.22.513328
A3S,NP_000305:p.Ala3Ser,"hg38,10:g.87864476G>T",,,0.418,"COSMIC,saturation",0.10303,-0.056524487381753474,Neutral,0.38203,0.11145465375722617,False,0.102,86.737,14.7,,False,86.737,,neutral,neutral,neutral,uncertain,,,,73.65,H,-0.0166,2.1059,-3.6374,loss_of_function,-0.165074179347164,0.9277907892403278,,,0.097,benign,,,0.882618788373438,neutral,,,https://doi.org/10.1101/2022.10.22.513328
A3T,NP_000305:p.Ala3Thr,"hg19,10:g.89624233G>A, hg38,10:g.87864476G>A",,,0.397,"saturation,clinvar",0.19506,-0.05610442348816356,Neutral,0.26211,0.11724273329491108,False,0.102,86.737,14.7,,False,86.737,,neutral,neutral,neutral,neutral,827381,Uncertain significance,2,73.65,H,-0.0292,2.1059,-4.9329,loss_of_function,-0.200724765727972,0.924207992950247,,,0.1824,benign,,,1.01743303014216,neutral,3.0,uncertain,https://doi.org/10.1101/2022.10.22.513328
A3V,NP_000305:p.Ala3Val,"hg19,10:g.89624234C>T, hg38,10:g.87864477C>T",,,0.534,"cBioPortal,saturation,clinvar",0.30521,-0.021354178031429662,Neutral,0.21329,0.12107405782679356,False,0.102,86.737,14.7,,False,86.737,,neutral,neutral,neutral,neutral,629265,Uncertain significance,2,73.65,H,-0.1117,2.1059,-21.68,loss_of_function,-3.06207998621608,0.6366488274694089,,,0.486,ambiguous,-1.088057429,neutral,0.9000098725239221,neutral,4.0,neutral,https://doi.org/10.1101/2022.10.22.513328
